"CountryName","CountryCode","IndicatorName","IndicatorCode","1960","1961","1962","1963","1964","1965","1966","1967","1968","1969","1970","1971","1972","1973","1974","1975","1976","1977","1978","1979","1980","1981","1982","1983","1984","1985","1986","1987","1988","1989","1990","1991","1992","1993","1994","1995","1996","1997","1998","1999","2000","2001","2002","2003","2004","2005","2006","2007","2008","2009","2010","2011","2012","2013","2014","2015","2016","2017","2018","2019","2020",
"Aruba","ABW","Suicide mortality rate (per 100,000 population)","SH.STA.SUIC.P5","","","","","","","","","","","","","","","","","","","","","","","","","","","","","","","","","","","","","","","","","","","","","","","","","","","","","","","","","","","","","",
"Afghanistan","AFG","Suicide mortality rate (per 100,000 population)","SH.STA.SUIC.P5","","","","","","","","","","","","","","","","","","","","","","","","","","","","","","","","","","","","","","","","","4.9","5","5","5","5","5","4.9","4.8","4.6","4.4","4.3","4.1","4","4","3.9","4","4","4.1","4.1","4.1","",
"Angola","AGO","Suicide mortality rate (per 100,000 population)","SH.STA.SUIC.P5","","","","","","","","","","","","","","","","","","","","","","","","","","","","","","","","","","","","","","","","","8.7","8.6","8.6","8.8","8.6","8.1","8.6","7.4","7.5","6.7","7","6.6","6.9","6.9","6.4","6.5","6.2","6","6","6.1","",
"Albania","ALB","Suicide mortality rate (per 100,000 population)","SH.STA.SUIC.P5","","","","","","","","","","","","","","","","","","","","","","","","","","","","","","","","","","","","","","","","","4.9","4.5","4.6","4.8","4.8","7.5","7.8","8.1","8.2","8.1","7.8","7.9","5.2","5.3","5","4.8","4.7","4.7","4.5","4.3","",
"Andorra","AND","Suicide mortality rate (per 100,000 population)","SH.STA.SUIC.P5","","","","","","","","","","","","","","","","","","","","","","","","","","","","","","","","","","","","","","","","","","","","","","","","","","","","","","","","","","","","","",
"Arab World","ARB","Suicide mortality rate (per 100,000 population)","SH.STA.SUIC.P5","","","","","","","","","","","","","","","","","","","","","","","","","","","","","","","","","","","","","","","","","4.58825479672948","4.59848851633951","4.5468748273688","4.49688563066152","4.44768610608456","4.44466183115164","4.41544496565735","4.42781637712945","4.46584927615437","4.47498839600631","4.50705758305189","4.57327631190838","4.58468256180697","4.50243343000168","4.44111829274892","4.33351633116864","4.25813397570294","4.17967860047532","4.2129883822202","4.18032540896231","",
"United Arab Emirates","ARE","Suicide mortality rate (per 100,000 population)","SH.STA.SUIC.P5","","","","","","","","","","","","","","","","","","","","","","","","","","","","","","","","","","","","","","","","","8.6","8.6","8","7.5","7.7","7.9","8.3","8.3","8.5","8.5","8.4","8.2","7.9","7.5","7","6.5","6","5.6","6","6.4","",
"Argentina","ARG","Suicide mortality rate (per 100,000 population)","SH.STA.SUIC.P5","","","","","","","","","","","","","","","","","","","","","","","","","","","","","","","","","","","","","","","","","9.1","10.3","10.2","9.7","8.7","8.6","8.6","8.3","8.7","8.4","8.6","8.5","9.1","8.6","9.3","8.3","8.3","8.9","9.2","8.4","",
"Armenia","ARM","Suicide mortality rate (per 100,000 population)","SH.STA.SUIC.P5","","","","","","","","","","","","","","","","","","","","","","","","","","","","","","","","","","","","","","","","","3.4","3.1","3.5","2.6","4","4.2","5.9","5.8","4.8","4.8","6.8","6.8","7.4","6.4","6.3","6.2","5.7","3","2.1","3.3","",
"American Samoa","ASM","Suicide mortality rate (per 100,000 population)","SH.STA.SUIC.P5","","","","","","","","","","","","","","","","","","","","","","","","","","","","","","","","","","","","","","","","","","","","","","","","","","","","","","","","","","","","","",
"Antigua and Barbuda","ATG","Suicide mortality rate (per 100,000 population)","SH.STA.SUIC.P5","","","","","","","","","","","","","","","","","","","","","","","","","","","","","","","","","","","","","","","","","1.9","1.9","1.3","1.3","1.7","1.3","0.5","0.4","0.3","0","0.2","0.2","0","0","0.4","0.4","0.5","0","0.4","0.4","",
"Australia","AUS","Suicide mortality rate (per 100,000 population)","SH.STA.SUIC.P5","","","","","","","","","","","","","","","","","","","","","","","","","","","","","","","","","","","","","","","","","12.7","12.2","11.3","10.5","10.3","11.2","10.6","10.9","11.6","11.2","11.7","11.2","11.7","11.5","12.7","13.2","12.2","13.1","12.4","12.5","",
"Austria","AUT","Suicide mortality rate (per 100,000 population)","SH.STA.SUIC.P5","","","","","","","","","","","","","","","","","","","","","","","","","","","","","","","","","","","","","","","","","19.9","18.6","19.3","18.2","17.5","17.2","16.4","16","15.8","16","16.1","16.5","16.3","16.2","16.5","16","15.5","15.4","15.7","14.6","",
"Azerbaijan","AZE","Suicide mortality rate (per 100,000 population)","SH.STA.SUIC.P5","","","","","","","","","","","","","","","","","","","","","","","","","","","","","","","","","","","","","","","","","3.1","3.4","3.6","3.8","4.3","4.5","4.7","4.9","4.7","4.6","4.6","4.5","4.4","4.3","4.2","4.1","4","4","4","4.1","",
"Burundi","BDI","Suicide mortality rate (per 100,000 population)","SH.STA.SUIC.P5","","","","","","","","","","","","","","","","","","","","","","","","","","","","","","","","","","","","","","","","","11.7","10.8","10.2","9.7","9.2","8.9","8.9","8.4","7.9","7.7","7.6","7.4","7.1","7","6.7","6.4","6.4","6.4","6.3","6.2","",
"Belgium","BEL","Suicide mortality rate (per 100,000 population)","SH.STA.SUIC.P5","","","","","","","","","","","","","","","","","","","","","","","","","","","","","","","","","","","","","","","","","22","22.3","20.9","21.5","20.2","20.7","20.2","18.7","20.3","20.6","20.5","21.1","20.8","19.5","19.4","18.6","19.3","18.9","18.7","18.3","",
"Benin","BEN","Suicide mortality rate (per 100,000 population)","SH.STA.SUIC.P5","","","","","","","","","","","","","","","","","","","","","","","","","","","","","","","","","","","","","","","","","8.8","8.8","8.8","8.8","8.8","8.7","8.6","8.5","8.2","8.5","8.4","8.5","8.3","8.3","8.2","8.1","8","8","7.9","7.8","",
"Burkina Faso","BFA","Suicide mortality rate (per 100,000 population)","SH.STA.SUIC.P5","","","","","","","","","","","","","","","","","","","","","","","","","","","","","","","","","","","","","","","","","8.6","8.2","8","7.9","8","8","8.1","8.1","8","8","8","7.9","8.3","8.3","8","8","7.8","7.7","7.6","7.5","",
"Bangladesh","BGD","Suicide mortality rate (per 100,000 population)","SH.STA.SUIC.P5","","","","","","","","","","","","","","","","","","","","","","","","","","","","","","","","","","","","","","","","","6","5.7","5.3","5.1","4.9","4.9","5","4.9","4.7","4.6","4.4","4","3.7","3.5","3.5","3.4","3.4","3.5","3.6","3.7","",
"Bulgaria","BGR","Suicide mortality rate (per 100,000 population)","SH.STA.SUIC.P5","","","","","","","","","","","","","","","","","","","","","","","","","","","","","","","","","","","","","","","","","18.2","17.5","17.5","15.1","14.2","13.3","13.4","12.5","13.2","12.3","12.4","11","12.5","10.5","10.4","9.8","9.7","10.3","9.7","9.7","",
"Bahrain","BHR","Suicide mortality rate (per 100,000 population)","SH.STA.SUIC.P5","","","","","","","","","","","","","","","","","","","","","","","","","","","","","","","","","","","","","","","","","6.6","8.8","9.2","10.2","10.2","10.3","8.2","9.6","9.2","8.6","8.2","7.9","7.4","7.1","7.4","7.4","7.7","8.1","8.6","8.9","",
"Bahamas, The","BHS","Suicide mortality rate (per 100,000 population)","SH.STA.SUIC.P5","","","","","","","","","","","","","","","","","","","","","","","","","","","","","","","","","","","","","","","","","2.3","2.5","2.3","2.4","3.2","3","3.5","3.2","3.3","3.3","3.6","3.7","3.5","3.1","3.3","3.5","3.6","3.4","3.5","3.5","",
"Bosnia and Herzegovina","BIH","Suicide mortality rate (per 100,000 population)","SH.STA.SUIC.P5","","","","","","","","","","","","","","","","","","","","","","","","","","","","","","","","","","","","","","","","","9","9.4","9.8","9.9","10","10.8","10.7","11.5","10.8","10.7","10.5","10.6","10.4","10.6","10.6","10.7","10.5","10.5","10.8","10.9","",
"Belarus","BLR","Suicide mortality rate (per 100,000 population)","SH.STA.SUIC.P5","","","","","","","","","","","","","","","","","","","","","","","","","","","","","","","","","","","","","","","","","41.8","43.3","44.3","42.9","42.1","43.5","40.9","36.8","36.7","36.5","35.9","36.2","29.9","27.9","26.3","24.3","24.2","23.3","22.8","21.2","",
"Belize","BLZ","Suicide mortality rate (per 100,000 population)","SH.STA.SUIC.P5","","","","","","","","","","","","","","","","","","","","","","","","","","","","","","","","","","","","","","","","","7.4","6","6.1","6.3","6.9","5.4","5.6","5.2","4.4","6.2","6.9","6.8","6.3","5.9","6","6","5.8","7","6.5","7.1","",
"Bermuda","BMU","Suicide mortality rate (per 100,000 population)","SH.STA.SUIC.P5","","","","","","","","","","","","","","","","","","","","","","","","","","","","","","","","","","","","","","","","","","","","","","","","","","","","","","","","","","","","","",
"Bolivia","BOL","Suicide mortality rate (per 100,000 population)","SH.STA.SUIC.P5","","","","","","","","","","","","","","","","","","","","","","","","","","","","","","","","","","","","","","","","","6.9","6.6","6.6","6.4","6.3","6.3","5.9","6.1","6","6","6","6.1","6","6","6.2","6.4","6.6","6.4","6.3","6.2","",
"Brazil","BRA","Suicide mortality rate (per 100,000 population)","SH.STA.SUIC.P5","","","","","","","","","","","","","","","","","","","","","","","","","","","","","","","","","","","","","","","","","4","4.4","4.4","4.3","4.4","4.7","4.7","4.9","5.1","5.1","5","5.2","5.4","5.6","5.6","5.9","6","6.6","7","6.9","",
"Barbados","BRB","Suicide mortality rate (per 100,000 population)","SH.STA.SUIC.P5","","","","","","","","","","","","","","","","","","","","","","","","","","","","","","","","","","","","","","","","","2.6","1.6","0.3","1.2","1.4","2.9","1.6","1.5","1","1.5","1.6","1","0.5","0.3","0.6","0.6","0.6","0.6","0.6","0.6","",
"Brunei Darussalam","BRN","Suicide mortality rate (per 100,000 population)","SH.STA.SUIC.P5","","","","","","","","","","","","","","","","","","","","","","","","","","","","","","","","","","","","","","","","","1.9","1.3","1.6","1.6","1.9","2.2","2.9","2.6","2.1","1.8","1.3","1.9","2.1","1.8","1.8","1.9","2.6","3.3","3.1","2.7","",
"Bhutan","BTN","Suicide mortality rate (per 100,000 population)","SH.STA.SUIC.P5","","","","","","","","","","","","","","","","","","","","","","","","","","","","","","","","","","","","","","","","","4.8","4.9","4.7","4.6","4.5","4.5","4.5","4.4","4.3","4.3","4.2","4.3","4.3","4.4","4.4","4.5","4.5","4.6","4.6","4.6","",
"Botswana","BWA","Suicide mortality rate (per 100,000 population)","SH.STA.SUIC.P5","","","","","","","","","","","","","","","","","","","","","","","","","","","","","","","","","","","","","","","","","35.3","34.5","32.7","31.2","31.8","34","32","29.3","28.4","25.1","24.4","22.7","22.6","21.6","19.6","19","17.8","17.4","17.4","16.1","",
"Central African Republic","CAF","Suicide mortality rate (per 100,000 population)","SH.STA.SUIC.P5","","","","","","","","","","","","","","","","","","","","","","","","","","","","","","","","","","","","","","","","","19","17.7","17.4","16.4","15.7","15.1","15.7","15.4","15.1","16","15.8","15.4","14.7","14.9","15.6","14.4","13.7","14.3","12.8","12.3","",
"Canada","CAN","Suicide mortality rate (per 100,000 population)","SH.STA.SUIC.P5","","","","","","","","","","","","","","","","","","","","","","","","","","","","","","","","","","","","","","","","","11.9","12.2","11.9","12.4","11.7","12.2","11.2","11.5","11.5","12","12.1","11.3","11.8","12.1","12.7","13","11.9","13","12","11.8","",
"Central Europe and the Baltics","CEB","Suicide mortality rate (per 100,000 population)","SH.STA.SUIC.P5","","","","","","","","","","","","","","","","","","","","","","","","","","","","","","","","","","","","","","","","","19.6228115678928","18.959355848657","19.1672383175238","18.733040960592","18.433930179402","18.0394020445369","17.3411855404999","16.2963760017342","16.9838106884236","18.0384755193142","17.8168172731795","17.2739908584517","17.7223873005324","17.0162544049377","16.1696054460136","15.4089357736803","14.0390585426503","13.8154343789187","13.3504317435538","12.521406728441","",
"Switzerland","CHE","Suicide mortality rate (per 100,000 population)","SH.STA.SUIC.P5","","","","","","","","","","","","","","","","","","","","","","","","","","","","","","","","","","","","","","","","","20.2","19.6","20.9","18.7","18.5","19","18.8","19.5","18.8","16","14.5","14.6","14.7","15.1","14.7","15","14.1","14.6","14.5","14.5","",
"Channel Islands","CHI","Suicide mortality rate (per 100,000 population)","SH.STA.SUIC.P5","","","","","","","","","","","","","","","","","","","","","","","","","","","","","","","","","","","","","","","","","","","","","","","","","","","","","","","","","","","","","",
"Chile","CHL","Suicide mortality rate (per 100,000 population)","SH.STA.SUIC.P5","","","","","","","","","","","","","","","","","","","","","","","","","","","","","","","","","","","","","","","","","10.3","10.3","9.6","9.7","10.1","9.7","10","11","12.2","12.7","11.6","11.7","10.5","9.8","9.9","10","10","9.3","8.8","9","",
"China","CHN","Suicide mortality rate (per 100,000 population)","SH.STA.SUIC.P5","","","","","","","","","","","","","","","","","","","","","","","","","","","","","","","","","","","","","","","","","14.3","12.9","12.2","12.8","13.3","12.9","12.1","11.5","11.1","10.7","10.2","9.6","9","8.6","8.4","8.1","8.2","8.1","8.1","8.1","",
"Cote d'Ivoire","CIV","Suicide mortality rate (per 100,000 population)","SH.STA.SUIC.P5","","","","","","","","","","","","","","","","","","","","","","","","","","","","","","","","","","","","","","","","","14.1","13.3","12.7","12.4","12.1","11.5","11.6","11.5","10.6","11","11.4","11.1","11.3","11.1","10.5","10","9.6","9.2","9","8.9","",
"Cameroon","CMR","Suicide mortality rate (per 100,000 population)","SH.STA.SUIC.P5","","","","","","","","","","","","","","","","","","","","","","","","","","","","","","","","","","","","","","","","","10.7","10.8","10.6","10.8","10.7","11.4","11.7","11.4","11.2","11.1","10.8","10.8","10.6","10.4","10","9.5","9.2","9","8.9","9","",
"Congo, Dem. Rep.","COD","Suicide mortality rate (per 100,000 population)","SH.STA.SUIC.P5","","","","","","","","","","","","","","","","","","","","","","","","","","","","","","","","","","","","","","","","","7.9","7.7","7.7","7.7","7.6","7.5","7.4","7.2","7.1","7.3","7.2","7.1","6.9","6.8","6.7","6.6","6.5","6.5","6.7","6.7","",
"Congo, Rep.","COG","Suicide mortality rate (per 100,000 population)","SH.STA.SUIC.P5","","","","","","","","","","","","","","","","","","","","","","","","","","","","","","","","","","","","","","","","","14.5","12.4","11","10.1","10.2","9.7","9.6","9.3","8.9","9.3","9","8.7","8.9","8.2","7.5","6.8","6.7","6.6","6.5","6.5","",
"Colombia","COL","Suicide mortality rate (per 100,000 population)","SH.STA.SUIC.P5","","","","","","","","","","","","","","","","","","","","","","","","","","","","","","","","","","","","","","","","","5","4.9","4.7","4.6","4.5","4.1","4.1","4.1","4.2","4.1","3.8","3.7","3.8","3.7","3.8","4.1","4.2","4.7","4","3.9","",
"Comoros","COM","Suicide mortality rate (per 100,000 population)","SH.STA.SUIC.P5","","","","","","","","","","","","","","","","","","","","","","","","","","","","","","","","","","","","","","","","","6.3","6.2","5.9","5.8","5.5","5.4","5.4","5.3","5.4","5","5.6","5.1","5.2","5.2","5.5","5.5","5.5","5.4","5.4","5.4","",
"Cabo Verde","CPV","Suicide mortality rate (per 100,000 population)","SH.STA.SUIC.P5","","","","","","","","","","","","","","","","","","","","","","","","","","","","","","","","","","","","","","","","","12","12.1","12.3","12.4","12.8","13.2","13.1","13.5","14","14.4","14.8","14.8","14.9","14.6","14.4","14.4","14.4","14.2","13.4","12.9","",
"Costa Rica","CRI","Suicide mortality rate (per 100,000 population)","SH.STA.SUIC.P5","","","","","","","","","","","","","","","","","","","","","","","","","","","","","","","","","","","","","","","","","6.4","5.2","7","7.9","8.1","6.6","8.4","5.7","5.5","5.6","6.9","6.9","6.6","6.7","5.6","6.7","7.7","6.1","7.2","8.1","",
"Caribbean small states","CSS","Suicide mortality rate (per 100,000 population)","SH.STA.SUIC.P5","","","","","","","","","","","","","","","","","","","","","","","","","","","","","","","","","","","","","","","","","10.0902113768087","10.5243978779273","10.242123829499","9.68861405932652","9.5358382845145","9.31181944639824","8.98555661318341","9.02866260003991","9.47640437487472","9.36092902678282","9.42090017271954","9.11255333581956","9.30281509217377","9.78358510703173","9.6502299980671","9.64934766646868","9.53576244649616","9.63445527019984","9.72594262943691","9.82624121155336","",
"Cuba","CUB","Suicide mortality rate (per 100,000 population)","SH.STA.SUIC.P5","","","","","","","","","","","","","","","","","","","","","","","","","","","","","","","","","","","","","","","","","17.2","15.3","14.7","13.8","13.9","12.9","12.7","12.2","12.9","13.7","14.4","14.1","13.8","13.9","13.4","14","13.4","14.5","14.3","14.5","",
"Curacao","CUW","Suicide mortality rate (per 100,000 population)","SH.STA.SUIC.P5","","","","","","","","","","","","","","","","","","","","","","","","","","","","","","","","","","","","","","","","","","","","","","","","","","","","","","","","","","","","","",
"Cayman Islands","CYM","Suicide mortality rate (per 100,000 population)","SH.STA.SUIC.P5","","","","","","","","","","","","","","","","","","","","","","","","","","","","","","","","","","","","","","","","","","","","","","","","","","","","","","","","","","","","","",
"Cyprus","CYP","Suicide mortality rate (per 100,000 population)","SH.STA.SUIC.P5","","","","","","","","","","","","","","","","","","","","","","","","","","","","","","","","","","","","","","","","","2","2.1","2.2","2.2","0.9","2.6","3.5","3.1","6.1","4.5","5.3","4.3","5.4","5.7","5.4","4.7","4.6","3.7","4.2","3.6","",
"Czech Republic","CZE","Suicide mortality rate (per 100,000 population)","SH.STA.SUIC.P5","","","","","","","","","","","","","","","","","","","","","","","","","","","","","","","","","","","","","","","","","16.3","16.2","15.4","17","16.3","15.8","14.5","14.1","14.2","15","15","16.1","16.7","15.7","14.8","13.6","13","13.9","13.6","12.2","",
"Germany","DEU","Suicide mortality rate (per 100,000 population)","SH.STA.SUIC.P5","","","","","","","","","","","","","","","","","","","","","","","","","","","","","","","","","","","","","","","","","14.5","14.5","14.6","14.4","14","13.3","12.8","12.4","12.5","12.8","13.2","13.2","12.9","13.4","13.4","13.3","13","12.6","12.9","12.3","",
"Djibouti","DJI","Suicide mortality rate (per 100,000 population)","SH.STA.SUIC.P5","","","","","","","","","","","","","","","","","","","","","","","","","","","","","","","","","","","","","","","","","7.2","7","7.3","7.4","7.5","7.6","7.5","7.5","7.6","7.8","8.2","8.5","8.7","9","9.2","9","9.3","9.7","9.7","9.6","",
"Dominica","DMA","Suicide mortality rate (per 100,000 population)","SH.STA.SUIC.P5","","","","","","","","","","","","","","","","","","","","","","","","","","","","","","","","","","","","","","","","","","","","","","","","","","","","","","","","","","","","","",
"Denmark","DNK","Suicide mortality rate (per 100,000 population)","SH.STA.SUIC.P5","","","","","","","","","","","","","","","","","","","","","","","","","","","","","","","","","","","","","","","","","15.6","15.8","14.9","13.6","14.2","14.8","14.7","12.6","13.1","12.9","11.8","12.6","12.8","12.1","12","10.9","10.9","11.3","11.4","10.7","",
"Dominican Republic","DOM","Suicide mortality rate (per 100,000 population)","SH.STA.SUIC.P5","","","","","","","","","","","","","","","","","","","","","","","","","","","","","","","","","","","","","","","","","3.9","3.9","4.1","4.4","4.5","4.8","4.7","4.8","4.8","4.9","4.7","4.9","5.2","5.5","6.1","6.4","6.4","5.7","5.2","4.9","",
"Algeria","DZA","Suicide mortality rate (per 100,000 population)","SH.STA.SUIC.P5","","","","","","","","","","","","","","","","","","","","","","","","","","","","","","","","","","","","","","","","","4.5","4.5","4.4","4.1","4","3.9","3.7","3.5","3.4","3.2","3","3","2.9","2.9","2.8","2.7","2.6","2.5","2.5","2.5","",
"East Asia & Pacific (excluding high income)","EAP","Suicide mortality rate (per 100,000 population)","SH.STA.SUIC.P5","","","","","","","","","","","","","","","","","","","","","","","","","","","","","","","","","","","","","","","","","11.5201551053192","10.4578031692027","9.95770669629741","10.3385367279689","10.6672124101349","10.3062146954255","9.73196305088754","9.29398780963452","8.99760724480343","8.71029812959336","8.35605174745895","7.95700511285072","7.51409784012898","7.22394596409936","7.07737402266574","6.88903851826099","6.96485528495402","6.87739553312999","6.86949243381659","6.86209892814986","",
"Early-demographic dividend","EAR","Suicide mortality rate (per 100,000 population)","SH.STA.SUIC.P5","","","","","","","","","","","","","","","","","","","","","","","","","","","","","","","","","","","","","","","","","10.8470244385847","10.656004155121","10.4204343859346","10.0394113807319","9.9370102957539","10.0351024061284","10.0357862995275","9.91224681463311","9.86168532475122","9.59485836428525","9.56631539103396","9.57055057878804","9.35531402783047","9.08151068165803","8.69990435369515","8.46094526279332","8.34695516385283","8.30244954554349","8.48249887826979","8.47105736769198","",
"East Asia & Pacific","EAS","Suicide mortality rate (per 100,000 population)","SH.STA.SUIC.P5","","","","","","","","","","","","","","","","","","","","","","","","","","","","","","","","","","","","","","","","","12.3811402936725","11.3967397920491","11.0483028724925","11.6092610165731","11.8310375569686","11.5478464975422","10.9259912756177","10.6588007002131","10.3994424191332","10.2849273423381","9.9118456763097","9.50645369147958","8.9075856960772","8.62973323611166","8.39078275241086","8.1382982371401","8.08384420614357","7.94979828267719","7.97521820847241","7.89156358822774","",
"Europe & Central Asia (excluding high income)","ECA","Suicide mortality rate (per 100,000 population)","SH.STA.SUIC.P5","","","","","","","","","","","","","","","","","","","","","","","","","","","","","","","","","","","","","","","","","32.5925661157399","31.5370993619777","31.0661418427347","30.4074436705646","29.5644963283748","29.3348217055452","26.7608077016416","25.3269208092545","24.5943770136662","22.8309951534128","22.3178708283505","21.0992868478257","20.3300121750397","19.7149930471328","19.815357109279","18.6180601844633","18.0259788753479","16.4470486508971","16.1752382342966","15.2198433088433","",
"Europe & Central Asia","ECS","Suicide mortality rate (per 100,000 population)","SH.STA.SUIC.P5","","","","","","","","","","","","","","","","","","","","","","","","","","","","","","","","","","","","","","","","","22.0305576781478","21.385373803872","21.2546147991818","20.8512998181276","20.3363684829729","20.0379562203611","18.7035683935195","17.8010256938391","17.7145679883027","17.1420217657867","16.8201288431945","16.340489728082","16.074459075994","15.8145401637559","15.6231772808971","14.9767840798947","14.3910245404611","13.6800440753413","13.4461061111749","12.8144858719677","",
"Ecuador","ECU","Suicide mortality rate (per 100,000 population)","SH.STA.SUIC.P5","","","","","","","","","","","","","","","","","","","","","","","","","","","","","","","","","","","","","","","","","6.4","6.9","7.9","8.5","9","9.9","10","10.2","10.5","10.5","9.9","9.8","10.1","9.6","8.8","8.8","9","9.2","8.1","7.6","",
"Egypt, Arab Rep.","EGY","Suicide mortality rate (per 100,000 population)","SH.STA.SUIC.P5","","","","","","","","","","","","","","","","","","","","","","","","","","","","","","","","","","","","","","","","","3.1","3.2","3.2","3.2","3.1","3.1","3.1","3.1","3.1","3.1","3.2","3.3","3.4","3.4","3.3","3.3","3.2","3","3","3","",
"Euro area","EMU","Suicide mortality rate (per 100,000 population)","SH.STA.SUIC.P5","","","","","","","","","","","","","","","","","","","","","","","","","","","","","","","","","","","","","","","","","13.9313234693073","13.6306634462579","13.8064133850987","13.7465008802895","13.2987012455853","12.8836756497275","12.4522294162703","12.0304666201897","12.3535809331681","12.5537459675158","12.4027384695814","12.5024679553427","12.550514746891","12.5992719612759","12.2610688805323","12.036798664508","11.6309399505471","11.6498879585913","11.41269308197","11.13862916595","",
"Eritrea","ERI","Suicide mortality rate (per 100,000 population)","SH.STA.SUIC.P5","","","","","","","","","","","","","","","","","","","","","","","","","","","","","","","","","","","","","","","","","14.5","14","13.7","12.8","13","13.1","13.2","12.9","13.3","13","12.7","12.5","12.3","12","11.7","11.6","11.5","11.3","11.3","10.9","",
"Spain","ESP","Suicide mortality rate (per 100,000 population)","SH.STA.SUIC.P5","","","","","","","","","","","","","","","","","","","","","","","","","","","","","","","","","","","","","","","","","8.6","8","8.3","8.5","8.5","8","7.5","7.4","7.8","7.6","6.9","7.1","7.7","8.5","8.6","7.9","7.8","8.2","7.8","7.7","",
"Estonia","EST","Suicide mortality rate (per 100,000 population)","SH.STA.SUIC.P5","","","","","","","","","","","","","","","","","","","","","","","","","","","","","","","","","","","","","","","","","29.1","30.3","29.3","26.3","26.5","22.6","20.9","21.4","19.4","23.3","18.8","18.2","21.1","18.9","19.5","15.9","15.7","18.7","15.3","14.9","",
"Ethiopia","ETH","Suicide mortality rate (per 100,000 population)","SH.STA.SUIC.P5","","","","","","","","","","","","","","","","","","","","","","","","","","","","","","","","","","","","","","","","","9.7","9.3","8.9","8.6","8.3","8.1","7.8","7.7","7.6","7.4","7.1","6.7","6.1","5.7","5.5","5.5","5.5","5.4","5.4","5.4","",
"European Union","EUU","Suicide mortality rate (per 100,000 population)","SH.STA.SUIC.P5","","","","","","","","","","","","","","","","","","","","","","","","","","","","","","","","","","","","","","","","","14.8681076719916","14.5328239616338","14.695478500719","14.5275470662056","14.1754971373207","13.8194358575222","13.3695477226261","12.8014083053648","13.2055504602638","13.584958379317","13.4300517344579","13.3799584415073","13.5516318770695","13.4171836196581","12.9696015247763","12.6368760932262","12.0112607018885","11.9911202086925","11.7568239187727","11.3360601441713","",
"Fragile and conflict affected situations","FCS","Suicide mortality rate (per 100,000 population)","SH.STA.SUIC.P5","","","","","","","","","","","","","","","","","","","","","","","","","","","","","","","","","","","","","","","","","6.26162405504383","6.15662632936999","6.08177934470898","6.01500844394261","5.9816927599196","5.98267003728557","5.92791648394105","5.93124756733757","5.93139366122275","5.99440243709607","5.94821714864534","5.91568668817797","5.81918635569212","5.70794249491971","5.55356627998134","5.43079301378373","5.3549749578894","5.2765710356533","5.25092368218424","5.22944778110472","",
"Finland","FIN","Suicide mortality rate (per 100,000 population)","SH.STA.SUIC.P5","","","","","","","","","","","","","","","","","","","","","","","","","","","","","","","","","","","","","","","","","24.3","24.1","22","21.7","21.2","19.9","21","19.7","20.6","20.4","18.6","17.9","17","17.2","15.4","14","15.2","15.9","16.2","15.3","",
"Fiji","FJI","Suicide mortality rate (per 100,000 population)","SH.STA.SUIC.P5","","","","","","","","","","","","","","","","","","","","","","","","","","","","","","","","","","","","","","","","","10.6","10.4","10.1","9.7","9.4","9.5","9.2","9.4","9.6","9.7","9.6","9.8","10","10","9.7","9.4","9.4","9.3","9.1","9","",
"France","FRA","Suicide mortality rate (per 100,000 population)","SH.STA.SUIC.P5","","","","","","","","","","","","","","","","","","","","","","","","","","","","","","","","","","","","","","","","","20.2","19.5","19.8","20.1","19.5","19.1","18.5","17.9","18.2","18.4","18.2","18","17.8","17","15.6","15.8","14.9","14.6","14.2","13.8","",
"Faroe Islands","FRO","Suicide mortality rate (per 100,000 population)","SH.STA.SUIC.P5","","","","","","","","","","","","","","","","","","","","","","","","","","","","","","","","","","","","","","","","","","","","","","","","","","","","","","","","","","","","","",
"Micronesia, Fed. Sts.","FSM","Suicide mortality rate (per 100,000 population)","SH.STA.SUIC.P5","","","","","","","","","","","","","","","","","","","","","","","","","","","","","","","","","","","","","","","","","24","23.4","22.5","22.8","23.8","24.6","24.6","24.4","24.5","24.5","24.5","25.2","25.5","25.6","25.8","27","27","27.7","28.2","28.2","",
"Gabon","GAB","Suicide mortality rate (per 100,000 population)","SH.STA.SUIC.P5","","","","","","","","","","","","","","","","","","","","","","","","","","","","","","","","","","","","","","","","","13","12.2","11.2","11","10.1","10.2","10.6","10.4","11.3","10.2","10.1","10","8.9","8.6","9.8","9.6","9.2","8.8","8.6","8.4","",
"United Kingdom","GBR","Suicide mortality rate (per 100,000 population)","SH.STA.SUIC.P5","","","","","","","","","","","","","","","","","","","","","","","","","","","","","","","","","","","","","","","","","8.6","8.3","8.3","7.9","8.2","7.9","7.8","7.6","8.1","8","7.8","8.3","8.2","8.8","8.6","8.8","8.5","8.2","8.1","7.9","",
"Georgia","GEO","Suicide mortality rate (per 100,000 population)","SH.STA.SUIC.P5","","","","","","","","","","","","","","","","","","","","","","","","","","","","","","","","","","","","","","","","","7.4","6.9","8.2","6.6","7.4","6.2","6.2","6.1","7.5","8.5","8.3","8.7","9.2","9.8","10.3","10.5","10.7","9.6","9.4","9.2","",
"Ghana","GHA","Suicide mortality rate (per 100,000 population)","SH.STA.SUIC.P5","","","","","","","","","","","","","","","","","","","","","","","","","","","","","","","","","","","","","","","","","5.4","5.8","6.1","6.4","6.6","6.9","7","7.2","7.5","7.6","7.8","7.8","7.8","7.7","7.5","7.3","7.2","7","6.6","6.6","",
"Gibraltar","GIB","Suicide mortality rate (per 100,000 population)","SH.STA.SUIC.P5","","","","","","","","","","","","","","","","","","","","","","","","","","","","","","","","","","","","","","","","","","","","","","","","","","","","","","","","","","","","","",
"Guinea","GIN","Suicide mortality rate (per 100,000 population)","SH.STA.SUIC.P5","","","","","","","","","","","","","","","","","","","","","","","","","","","","","","","","","","","","","","","","","5.4","5.4","5.6","5.6","5.7","5.6","6","6.3","6.3","6.4","6.8","7","7.1","7.3","7.1","7.2","7.1","7","6.9","7","",
"Gambia, The","GMB","Suicide mortality rate (per 100,000 population)","SH.STA.SUIC.P5","","","","","","","","","","","","","","","","","","","","","","","","","","","","","","","","","","","","","","","","","5.6","5.7","5.8","5.8","5.9","5.8","5.7","5.7","5.6","5.5","5.3","5.4","5.3","5.3","5.3","5.1","4.9","4.9","4.8","4.8","",
"Guinea-Bissau","GNB","Suicide mortality rate (per 100,000 population)","SH.STA.SUIC.P5","","","","","","","","","","","","","","","","","","","","","","","","","","","","","","","","","","","","","","","","","9.5","9.3","9.1","8.8","8.8","8.4","8.4","8.4","8.4","8.5","8.4","8.2","8","8.1","7.8","7.3","7.3","7.3","7.2","7","",
"Equatorial Guinea","GNQ","Suicide mortality rate (per 100,000 population)","SH.STA.SUIC.P5","","","","","","","","","","","","","","","","","","","","","","","","","","","","","","","","","","","","","","","","","12.6","11.4","10.1","9.7","9.3","8.9","9.2","9","8.8","8.9","10","11.2","10","8.4","8.8","9.8","9.3","7.8","8.3","7.9","",
"Greece","GRC","Suicide mortality rate (per 100,000 population)","SH.STA.SUIC.P5","","","","","","","","","","","","","","","","","","","","","","","","","","","","","","","","","","","","","","","","","3.5","3.1","2.9","3.3","3.1","3.7","3.7","3","3.4","3.6","3.5","4.4","4.8","5","5.3","5","4.7","5.1","5.1","5.1","",
"Grenada","GRD","Suicide mortality rate (per 100,000 population)","SH.STA.SUIC.P5","","","","","","","","","","","","","","","","","","","","","","","","","","","","","","","","","","","","","","","","","1.9","0.4","3.2","2.4","4.6","3.1","5.1","2","2.4","0.7","0.9","1.7","1.7","1.2","0.6","0.7","1","0.6","0.3","0.7","",
"Greenland","GRL","Suicide mortality rate (per 100,000 population)","SH.STA.SUIC.P5","","","","","","","","","","","","","","","","","","","","","","","","","","","","","","","","","","","","","","","","","","","","","","","","","","","","","","","","","","","","","",
"Guatemala","GTM","Suicide mortality rate (per 100,000 population)","SH.STA.SUIC.P5","","","","","","","","","","","","","","","","","","","","","","","","","","","","","","","","","","","","","","","","","10.2","10.7","10.5","10.8","11","11.4","10.7","8.3","8","7.9","7.3","6.6","6.1","5.9","5.8","5.8","5.7","5.6","6","5.9","",
"Guam","GUM","Suicide mortality rate (per 100,000 population)","SH.STA.SUIC.P5","","","","","","","","","","","","","","","","","","","","","","","","","","","","","","","","","","","","","","","","","","","","","","","","","","","","","","","","","","","","","",
"Guyana","GUY","Suicide mortality rate (per 100,000 population)","SH.STA.SUIC.P5","","","","","","","","","","","","","","","","","","","","","","","","","","","","","","","","","","","","","","","","","31.4","34.7","34.5","33.2","32.5","30.9","30.7","30.9","30","32.9","33.3","32.6","35","38.2","37.2","37.3","37.9","38.5","39.5","40.3","",
"High income","HIC","Suicide mortality rate (per 100,000 population)","SH.STA.SUIC.P5","","","","","","","","","","","","","","","","","","","","","","","","","","","","","","","","","","","","","","","","","13.975100378243","13.8778556625348","14.2319527352533","14.5305184990567","14.3025156220854","14.242052520566","13.8828460441423","14.0064523691381","14.2876918090263","14.7457978498865","14.633814800142","14.6283873940781","14.3192008080401","14.2678217018606","14.0390128652047","13.8736688864495","13.5444596700891","13.6485451850779","13.5282066521899","13.3185261283727","",
"Hong Kong SAR, China","HKG","Suicide mortality rate (per 100,000 population)","SH.STA.SUIC.P5","","","","","","","","","","","","","","","","","","","","","","","","","","","","","","","","","","","","","","","","","","","","","","","","","","","","","","","","","","","","","",
"Honduras","HND","Suicide mortality rate (per 100,000 population)","SH.STA.SUIC.P5","","","","","","","","","","","","","","","","","","","","","","","","","","","","","","","","","","","","","","","","","2.1","2.1","2.1","2.2","2.1","2.2","2.2","2.1","2.1","2","2","1.9","3.3","3.2","3.4","4","2","2.1","2","2.1","",
"Heavily indebted poor countries (HIPC)","HPC","Suicide mortality rate (per 100,000 population)","SH.STA.SUIC.P5","","","","","","","","","","","","","","","","","","","","","","","","","","","","","","","","","","","","","","","","","8.60275900252152","8.28183174764471","8.03545075647361","7.87938700650214","7.74001588079335","7.65835849523071","7.58339221808816","7.43812461968741","7.34958078879471","7.36483179864584","7.26957835826442","7.14561112709343","6.94639804176645","6.80258761418329","6.60449422881407","6.48097438132848","6.37343741161058","6.29051143687044","6.25548047492794","6.23223260921914","",
"Croatia","HRV","Suicide mortality rate (per 100,000 population)","SH.STA.SUIC.P5","","","","","","","","","","","","","","","","","","","","","","","","","","","","","","","","","","","","","","","","","20.8","19.7","19.5","19.7","20.2","20.1","18.3","18.1","18.4","18.3","18.3","16.4","18.4","16.5","17.3","17.6","16.4","15.7","16.4","16.4","",
"Haiti","HTI","Suicide mortality rate (per 100,000 population)","SH.STA.SUIC.P5","","","","","","","","","","","","","","","","","","","","","","","","","","","","","","","","","","","","","","","","","9.7","9.5","9.3","9.3","9","9.4","9.6","10","10.1","10.3","10.9","10.1","10","9.9","10","10","9.8","9.7","9.7","9.6","",
"Hungary","HUN","Suicide mortality rate (per 100,000 population)","SH.STA.SUIC.P5","","","","","","","","","","","","","","","","","","","","","","","","","","","","","","","","","","","","","","","","","33.4","29.8","28.6","28","27.5","26.4","24.9","25","25.4","25.4","25.5","25.1","24.8","22.1","20.4","19.9","18.7","17.5","17.7","16.6","",
"IBRD only","IBD","Suicide mortality rate (per 100,000 population)","SH.STA.SUIC.P5","","","","","","","","","","","","","","","","","","","","","","","","","","","","","","","","","","","","","","","","","14.1810137697863","13.4983964386264","13.0980976860451","12.9736715931937","12.9967282699385","12.9109279773125","12.3743697023752","11.9729146547334","11.7620382852911","11.3641323515758","11.1453104234227","10.8668229395133","10.4949153787791","10.1293091129058","9.81017821217771","9.48263207429132","9.37859758695899","9.22057995540566","9.33962398788217","9.24065574926453","",
"IDA & IBRD total","IBT","Suicide mortality rate (per 100,000 population)","SH.STA.SUIC.P5","","","","","","","","","","","","","","","","","","","","","","","","","","","","","","","","","","","","","","","","","12.7775825547626","12.1803394881619","11.8188033398996","11.6807271580388","11.6672035660252","11.5779378772807","11.1484991162349","10.813159747077","10.6275237482934","10.303071663238","10.1064404097633","9.85772619630756","9.53715992890364","9.23077505135534","8.95119327407679","8.6749507260182","8.57396838303057","8.42996935803573","8.50011035788161","8.41461131231856","",
"IDA total","IDA","Suicide mortality rate (per 100,000 population)","SH.STA.SUIC.P5","","","","","","","","","","","","","","","","","","","","","","","","","","","","","","","","","","","","","","","","","7.57880215655844","7.36020505501852","7.20086185841686","7.07402156033278","6.9919231234547","6.95170383744437","6.95015450654877","6.89430253872544","6.84486863311048","6.81169698409194","6.73329243427512","6.62344618346982","6.50555324323737","6.42172125506552","6.29931212655471","6.21327157623357","6.15334719387663","6.08279716925167","6.04199815510335","6.03059748942288","",
"IDA blend","IDB","Suicide mortality rate (per 100,000 population)","SH.STA.SUIC.P5","","","","","","","","","","","","","","","","","","","","","","","","","","","","","","","","","","","","","","","","","7.62064103088524","7.5578879014355","7.53036748770256","7.44519810175128","7.44217465478256","7.43695252803773","7.47790646524317","7.51303061214674","7.48601416441343","7.37269967633166","7.3044412209848","7.25039749876059","7.2054860829268","7.15552641161377","7.03196252221346","6.95307365224974","6.92091128286496","6.81648510714768","6.69011171114868","6.66493106713532","",
"Indonesia","IDN","Suicide mortality rate (per 100,000 population)","SH.STA.SUIC.P5","","","","","","","","","","","","","","","","","","","","","","","","","","","","","","","","","","","","","","","","","3.5","3.4","3.3","3.2","3.2","3","2.9","2.9","2.8","2.7","2.6","2.6","2.5","2.5","2.4","2.4","2.4","2.4","2.4","2.4","",
"IDA only","IDX","Suicide mortality rate (per 100,000 population)","SH.STA.SUIC.P5","","","","","","","","","","","","","","","","","","","","","","","","","","","","","","","","","","","","","","","","","7.55776670951565","7.26089158657187","7.03551221684748","6.88800230352589","6.76651787790821","6.70892762993067","6.68614354281495","6.58466022595551","6.52373970964153","6.53038671037333","6.44630099725639","6.30772545678537","6.15253373701028","6.05103253271608","5.92866685929317","5.83857464627441","5.76427412728562","5.71072359920434","5.71327499146316","5.70892241658225","",
"Isle of Man","IMN","Suicide mortality rate (per 100,000 population)","SH.STA.SUIC.P5","","","","","","","","","","","","","","","","","","","","","","","","","","","","","","","","","","","","","","","","","","","","","","","","","","","","","","","","","","","","","",
"India","IND","Suicide mortality rate (per 100,000 population)","SH.STA.SUIC.P5","","","","","","","","","","","","","","","","","","","","","","","","","","","","","","","","","","","","","","","","","17","16.6","16.1","15.3","15.2","15.5","15.6","15.3","15.1","14.5","14.6","14.7","14.3","13.7","12.8","12.3","12.1","12","12.6","12.7","",
"Not classified","INX","Suicide mortality rate (per 100,000 population)","SH.STA.SUIC.P5","","","","","","","","","","","","","","","","","","","","","","","","","","","","","","","","","","","","","","","","","","","","","","","","","","","","","","","","","","","","","",
"Ireland","IRL","Suicide mortality rate (per 100,000 population)","SH.STA.SUIC.P5","","","","","","","","","","","","","","","","","","","","","","","","","","","","","","","","","","","","","","","","","12.7","13.2","12.2","12.1","11.9","11.8","10.9","11.5","12.2","14","11.9","12.5","12.4","11.4","11","9.3","10","10","9.9","9.6","",
"Iran, Islamic Rep.","IRN","Suicide mortality rate (per 100,000 population)","SH.STA.SUIC.P5","","","","","","","","","","","","","","","","","","","","","","","","","","","","","","","","","","","","","","","","","8","7.8","7.5","7","6.7","6.3","6","6.4","6.2","6.2","6.3","6.8","6.7","6.6","6.5","6.3","6.2","6","5.7","5.2","",
"Iraq","IRQ","Suicide mortality rate (per 100,000 population)","SH.STA.SUIC.P5","","","","","","","","","","","","","","","","","","","","","","","","","","","","","","","","","","","","","","","","","3.8","3.8","3.8","3.8","3.8","3.8","3.8","3.7","3.6","3.7","3.9","4.1","4.1","4.2","4.1","4.1","4","3.9","3.7","3.6","",
"Iceland","ISL","Suicide mortality rate (per 100,000 population)","SH.STA.SUIC.P5","","","","","","","","","","","","","","","","","","","","","","","","","","","","","","","","","","","","","","","","","13.1","12.8","12.2","12.5","12.4","11.8","12.5","14.8","14.8","14.3","12.8","11.6","13.5","13.9","15.7","14.3","13","12.2","10.8","11.9","",
"Israel","ISR","Suicide mortality rate (per 100,000 population)","SH.STA.SUIC.P5","","","","","","","","","","","","","","","","","","","","","","","","","","","","","","","","","","","","","","","","","6.8","6.4","5.9","6.4","6.1","6.7","5.5","5.2","5.3","6","6.7","5.7","6.1","5.2","5.1","4.5","5.2","5.1","5.4","5.3","",
"Italy","ITA","Suicide mortality rate (per 100,000 population)","SH.STA.SUIC.P5","","","","","","","","","","","","","","","","","","","","","","","","","","","","","","","","","","","","","","","","","7.5","7.3","7.4","7.4","7.2","6.7","6.7","6.7","6.9","7","6.9","7.4","7.6","7.5","7.2","7.1","6.6","7.1","6.7","6.7","",
"Jamaica","JAM","Suicide mortality rate (per 100,000 population)","SH.STA.SUIC.P5","","","","","","","","","","","","","","","","","","","","","","","","","","","","","","","","","","","","","","","","","1.9","1.9","1.8","1.7","1.6","1.5","1.5","1.8","2.2","2.3","1.9","2.2","2.1","2","2.2","2.2","2.2","2.3","2.3","2.4","",
"Jordan","JOR","Suicide mortality rate (per 100,000 population)","SH.STA.SUIC.P5","","","","","","","","","","","","","","","","","","","","","","","","","","","","","","","","","","","","","","","","","2.5","2.4","2.3","2.3","2.2","2","1.9","1.7","1.7","1.6","1.5","1.5","1.5","1.5","1.5","1.5","1.5","1.5","1.6","1.6","",
"Japan","JPN","Suicide mortality rate (per 100,000 population)","SH.STA.SUIC.P5","","","","","","","","","","","","","","","","","","","","","","","","","","","","","","","","","","","","","","","","","23.9","23.2","23.8","25.6","24.1","24.3","23.9","25","24.4","24.9","24.1","23.4","21.6","21.4","20.1","19.1","17.5","17","16.7","15.3","",
"Kazakhstan","KAZ","Suicide mortality rate (per 100,000 population)","SH.STA.SUIC.P5","","","","","","","","","","","","","","","","","","","","","","","","","","","","","","","","","","","","","","","","","38.7","39","38.2","39.2","39.7","39.2","38","38","34.6","30.3","29.9","28.7","27.6","26.3","24.2","23.2","21.7","20.8","19","17.6","",
"Kenya","KEN","Suicide mortality rate (per 100,000 population)","SH.STA.SUIC.P5","","","","","","","","","","","","","","","","","","","","","","","","","","","","","","","","","","","","","","","","","7.6","6.9","6.4","6.1","5.7","6","6","6.3","6.2","6","6","5.9","5.9","5.9","5.7","5.5","5.4","5.6","6","6.1","",
"Kyrgyz Republic","KGZ","Suicide mortality rate (per 100,000 population)","SH.STA.SUIC.P5","","","","","","","","","","","","","","","","","","","","","","","","","","","","","","","","","","","","","","","","","14.8","14.1","14","13.2","12.6","13.2","13.1","12.6","12.3","11.9","11.4","11.3","10.9","10.5","10.5","9.9","8.6","8.3","8","7.4","",
"Cambodia","KHM","Suicide mortality rate (per 100,000 population)","SH.STA.SUIC.P5","","","","","","","","","","","","","","","","","","","","","","","","","","","","","","","","","","","","","","","","","5","5.1","5.1","5.1","5.3","5.5","5.7","5.7","5.6","5.4","5.4","5.3","5.2","5.2","5.1","5.1","5.1","5","4.9","4.9","",
"Kiribati","KIR","Suicide mortality rate (per 100,000 population)","SH.STA.SUIC.P5","","","","","","","","","","","","","","","","","","","","","","","","","","","","","","","","","","","","","","","","","31.2","31.1","30.9","29.4","29.3","30.1","29.4","30.9","31.5","30.9","30.7","30.8","30","30.5","29.8","29.7","29.5","29.6","28.1","28.3","",
"St. Kitts and Nevis","KNA","Suicide mortality rate (per 100,000 population)","SH.STA.SUIC.P5","","","","","","","","","","","","","","","","","","","","","","","","","","","","","","","","","","","","","","","","","","","","","","","","","","","","","","","","","","","","","",
"Korea, Rep.","KOR","Suicide mortality rate (per 100,000 population)","SH.STA.SUIC.P5","","","","","","","","","","","","","","","","","","","","","","","","","","","","","","","","","","","","","","","","","14.5","15.6","19","24.1","25.4","26.7","23.7","26.7","28.6","34.2","34","34.5","30.2","30.6","29","28","27.2","25.8","28.6","28.6","",
"Kuwait","KWT","Suicide mortality rate (per 100,000 population)","SH.STA.SUIC.P5","","","","","","","","","","","","","","","","","","","","","","","","","","","","","","","","","","","","","","","","","3","2.6","2.8","2.6","2.7","2.6","2.7","2.6","2.9","2.7","2.5","2.3","2.4","2.4","2.5","2.6","2.6","2.7","2.8","2.9","",
"Latin America & Caribbean (excluding high income)","LAC","Suicide mortality rate (per 100,000 population)","SH.STA.SUIC.P5","","","","","","","","","","","","","","","","","","","","","","","","","","","","","","","","","","","","","","","","","5.10868114247153","5.36761114704883","5.35503628335561","5.30196872938967","5.24664782277443","5.34384378796076","5.26555951382985","5.25567696417199","5.41795808366151","5.49349247632084","5.4075859010103","5.60683494881726","5.62870325178926","5.67034557247153","5.7721062480356","5.85236037608195","5.83863247468373","6.20880255640016","6.18843038579781","6.05043450070127","",
"Lao PDR","LAO","Suicide mortality rate (per 100,000 population)","SH.STA.SUIC.P5","","","","","","","","","","","","","","","","","","","","","","","","","","","","","","","","","","","","","","","","","6.9","6.9","6.7","6.5","6.5","6.5","6.4","6.3","6.3","6.1","6","5.9","5.7","5.7","5.5","5.6","5.6","5.6","5.6","5.4","",
"Lebanon","LBN","Suicide mortality rate (per 100,000 population)","SH.STA.SUIC.P5","","","","","","","","","","","","","","","","","","","","","","","","","","","","","","","","","","","","","","","","","2.8","2.7","2.7","2.6","2.7","2.7","2.5","2.9","2.9","3","3","3","3","3","2.8","2.8","2.7","3","2.5","2.8","",
"Liberia","LBR","Suicide mortality rate (per 100,000 population)","SH.STA.SUIC.P5","","","","","","","","","","","","","","","","","","","","","","","","","","","","","","","","","","","","","","","","","5.1","4.8","4.8","4.8","4.8","4.7","4.8","4.9","4.8","4.8","4.9","5","5","4.9","4.9","4.5","4.5","4.5","4.4","4.5","",
"Libya","LBY","Suicide mortality rate (per 100,000 population)","SH.STA.SUIC.P5","","","","","","","","","","","","","","","","","","","","","","","","","","","","","","","","","","","","","","","","","4.9","5.1","5.2","5.1","4.4","4.3","4.2","4.9","5.4","5.7","5.6","5.1","5.7","4.8","6.3","5.6","5","5.5","5.8","4.5","",
"St. Lucia","LCA","Suicide mortality rate (per 100,000 population)","SH.STA.SUIC.P5","","","","","","","","","","","","","","","","","","","","","","","","","","","","","","","","","","","","","","","","","7.2","7.3","6.8","7.2","6.9","7.1","7.6","7.1","8","7.2","7.9","7.2","8.7","8.3","8.9","8.7","7.4","7.9","8","7.9","",
"Latin America & Caribbean","LCN","Suicide mortality rate (per 100,000 population)","SH.STA.SUIC.P5","","","","","","","","","","","","","","","","","","","","","","","","","","","","","","","","","","","","","","","","","5.35864084761087","5.59604008122633","5.58948623737312","5.51360815413709","5.46872285398081","5.54044138346453","5.47812515282493","5.5028539752727","5.68715222836024","5.76329639334202","5.65093926405616","5.84203664226552","5.83029087694507","5.83931385597052","5.95171051170652","6.02930861340101","6.03145033068255","6.36132483377641","6.32615062568","6.19915199524032","",
"Least developed countries: UN classification","LDC","Suicide mortality rate (per 100,000 population)","SH.STA.SUIC.P5","","","","","","","","","","","","","","","","","","","","","","","","","","","","","","","","","","","","","","","","","7.65442624355174","7.34624749352876","7.11154674076307","6.96104742505056","6.83105964516189","6.76072547626919","6.7520385645255","6.61162357659144","6.56503579515349","6.54106189849447","6.44147887986666","6.28128656313221","6.10242826041461","5.98580850259741","5.85767070115182","5.77903172769794","5.72506673152216","5.67214731042072","5.68951914427229","5.69029372961895","",
"Low income","LIC","Suicide mortality rate (per 100,000 population)","SH.STA.SUIC.P5","","","","","","","","","","","","","","","","","","","","","","","","","","","","","","","","","","","","","","","","","7.98104262341495","7.71917428359267","7.53759380506704","7.39571067861022","7.28248525457337","7.21373608882232","7.13365659999202","7.00316338193592","6.94052826668884","6.95049649344948","6.87032853919136","6.75459442256557","6.59544036148149","6.46129193028285","6.31721300838863","6.24536173998697","6.19490001549676","6.11210142002441","6.11734383561432","6.11248680410355","",
"Liechtenstein","LIE","Suicide mortality rate (per 100,000 population)","SH.STA.SUIC.P5","","","","","","","","","","","","","","","","","","","","","","","","","","","","","","","","","","","","","","","","","","","","","","","","","","","","","","","","","","","","","",
"Sri Lanka","LKA","Suicide mortality rate (per 100,000 population)","SH.STA.SUIC.P5","","","","","","","","","","","","","","","","","","","","","","","","","","","","","","","","","","","","","","","","","26.7","21.8","21","20.9","21.8","28.6","18.3","20","17.5","22.7","21.9","17.9","16.6","15.2","13.1","15.1","14.8","14.4","14.2","14","",
"Lower middle income","LMC","Suicide mortality rate (per 100,000 population)","SH.STA.SUIC.P5","","","","","","","","","","","","","","","","","","","","","","","","","","","","","","","","","","","","","","","","","12.6317338014927","12.2453058794178","11.9081959450544","11.4303832451544","11.3340837985149","11.5119895613559","11.4168328611153","11.2755872103173","11.1287816538425","10.7596461973342","10.729270313578","10.6811477542062","10.423199103073","10.0680598514441","9.57819478359735","9.26188016339307","9.10315144390652","8.98140346383501","9.23254921294533","9.24740665066878","",
"Low & middle income","LMY","Suicide mortality rate (per 100,000 population)","SH.STA.SUIC.P5","","","","","","","","","","","","","","","","","","","","","","","","","","","","","","","","","","","","","","","","","12.743293596098","12.1381438196514","11.7624957233163","11.6288581494977","11.6128313333145","11.5238338366387","11.0923724180328","10.7649746792104","10.5696069422646","10.226867529359","10.035141621962","9.79407488442786","9.46758490937048","9.16841617267939","8.89225061932695","8.62647147081956","8.54008167061015","8.40078426927858","8.47416846715962","8.39820010310596","",
"Lesotho","LSO","Suicide mortality rate (per 100,000 population)","SH.STA.SUIC.P5","","","","","","","","","","","","","","","","","","","","","","","","","","","","","","","","","","","","","","","","","28.6","27.3","29.2","31.9","33.5","33.6","40.3","45","57.8","63.3","65.4","69.5","79.1","87.6","92.6","92.4","87","78.3","76.6","72.4","",
"Late-demographic dividend","LTE","Suicide mortality rate (per 100,000 population)","SH.STA.SUIC.P5","","","","","","","","","","","","","","","","","","","","","","","","","","","","","","","","","","","","","","","","","15.6059596048506","14.5319982036912","14.0355982376727","14.2891581998588","14.4785725609323","14.1930832127101","13.2205185800279","12.6077626533837","12.2851076562104","11.9413185062815","11.5530189336112","10.9770816641187","10.5048705618495","10.1312774975095","9.9695582122871","9.6836450772435","9.63118925348113","9.35816595151455","9.30267615932807","9.12523352859206","",
"Lithuania","LTU","Suicide mortality rate (per 100,000 population)","SH.STA.SUIC.P5","","","","","","","","","","","","","","","","","","","","","","","","","","","","","","","","","","","","","","","","","50.1","47.1","47","45.4","43.3","42.7","35.2","34.5","37.8","39.2","37.2","38.1","35","40.5","35.6","34.9","32.8","29.7","27.4","26.1","",
"Luxembourg","LUX","Suicide mortality rate (per 100,000 population)","SH.STA.SUIC.P5","","","","","","","","","","","","","","","","","","","","","","","","","","","","","","","","","","","","","","","","","16.1","16.7","16.1","15.3","12.1","13.4","15.2","14","13.4","11.3","12","11.9","11.3","11.3","12.7","12.2","10.2","9.8","10.6","11.3","",
"Latvia","LVA","Suicide mortality rate (per 100,000 population)","SH.STA.SUIC.P5","","","","","","","","","","","","","","","","","","","","","","","","","","","","","","","","","","","","","","","","","34.7","32.2","31.5","29.1","26.8","26.5","23.2","20.9","26.4","26.3","22.5","22.7","23.5","20.6","20.7","21.6","21.3","21.4","18.1","20.1","",
"Macao SAR, China","MAC","Suicide mortality rate (per 100,000 population)","SH.STA.SUIC.P5","","","","","","","","","","","","","","","","","","","","","","","","","","","","","","","","","","","","","","","","","","","","","","","","","","","","","","","","","","","","","",
"St. Martin (French part)","MAF","Suicide mortality rate (per 100,000 population)","SH.STA.SUIC.P5","","","","","","","","","","","","","","","","","","","","","","","","","","","","","","","","","","","","","","","","","","","","","","","","","","","","","","","","","","","","","",
"Morocco","MAR","Suicide mortality rate (per 100,000 population)","SH.STA.SUIC.P5","","","","","","","","","","","","","","","","","","","","","","","","","","","","","","","","","","","","","","","","","9.9","9.9","9.6","9.6","9.5","9.4","9.3","9.3","9.3","9.2","9.2","9.2","8.9","8","7.7","7.4","7.2","7.1","7.2","7.2","",
"Monaco","MCO","Suicide mortality rate (per 100,000 population)","SH.STA.SUIC.P5","","","","","","","","","","","","","","","","","","","","","","","","","","","","","","","","","","","","","","","","","","","","","","","","","","","","","","","","","","","","","",
"Moldova","MDA","Suicide mortality rate (per 100,000 population)","SH.STA.SUIC.P5","","","","","","","","","","","","","","","","","","","","","","","","","","","","","","","","","","","","","","","","","17.2","18.6","17.7","18.5","18.3","19.4","19.7","17.2","19.1","19.7","20.5","15.3","17","17","17.2","16.2","15.9","14.9","14.4","14.7","",
"Madagascar","MDG","Suicide mortality rate (per 100,000 population)","SH.STA.SUIC.P5","","","","","","","","","","","","","","","","","","","","","","","","","","","","","","","","","","","","","","","","","5.8","5.7","5.8","5.9","5.9","5.8","5.8","5.7","5.7","5.7","5.7","5.7","5.6","5.6","5.6","5.5","5.5","5.5","5.5","5.5","",
"Maldives","MDV","Suicide mortality rate (per 100,000 population)","SH.STA.SUIC.P5","","","","","","","","","","","","","","","","","","","","","","","","","","","","","","","","","","","","","","","","","3.8","3.7","3.5","3.5","2.9","3","3.1","3","3.1","2.9","2.7","2.6","2.6","2.6","2.7","2.8","3.1","3.1","2.9","2.7","",
"Middle East & North Africa","MEA","Suicide mortality rate (per 100,000 population)","SH.STA.SUIC.P5","","","","","","","","","","","","","","","","","","","","","","","","","","","","","","","","","","","","","","","","","5.25543293613224","5.22474752169203","5.09903731041798","4.96516438379088","4.84320832563647","4.76393343130328","4.66466152266958","4.75322472738684","4.74425794438228","4.76368606462065","4.84048278561535","4.96870140037723","4.97135311168249","4.85594845645725","4.78422698146418","4.63666149847469","4.56126438533474","4.45184158323324","4.42275426278803","4.30939410109955","",
"Mexico","MEX","Suicide mortality rate (per 100,000 population)","SH.STA.SUIC.P5","","","","","","","","","","","","","","","","","","","","","","","","","","","","","","","","","","","","","","","","","3.5","3.8","3.9","4","4","4.1","4","4.1","4.4","4.6","4.5","5.2","4.9","5.2","5.7","5.6","5.6","5.9","5.4","5.3","",
"Marshall Islands","MHL","Suicide mortality rate (per 100,000 population)","SH.STA.SUIC.P5","","","","","","","","","","","","","","","","","","","","","","","","","","","","","","","","","","","","","","","","","","","","","","","","","","","","","","","","","","","","","",
"Middle income","MIC","Suicide mortality rate (per 100,000 population)","SH.STA.SUIC.P5","","","","","","","","","","","","","","","","","","","","","","","","","","","","","","","","","","","","","","","","","13.1586663470702","12.529275312214","12.1422347046362","12.0154044506076","12.0146535277082","11.9302693707648","11.4717775413411","11.1314287143719","10.9288427416904","10.5562763628834","10.3581326934074","10.1087369375642","9.76905058119349","9.45641275769293","9.1699262805963","8.88681391427168","8.80013959280489","8.65825303756163","8.74331029565113","8.66334301721619","",
"North Macedonia","MKD","Suicide mortality rate (per 100,000 population)","SH.STA.SUIC.P5","","","","","","","","","","","","","","","","","","","","","","","","","","","","","","","","","","","","","","","","","9.3","12.8","9.7","9.1","10.6","8.6","9.7","9.4","9.4","9.7","7.1","7.4","10","9.7","9.3","9.2","9.3","9.3","9.4","9.4","",
"Mali","MLI","Suicide mortality rate (per 100,000 population)","SH.STA.SUIC.P5","","","","","","","","","","","","","","","","","","","","","","","","","","","","","","","","","","","","","","","","","4.8","4.7","4.7","4.6","4.5","4.6","4.5","4.6","4.6","4.6","4.5","4.5","4.5","4.5","4.4","4.3","4.2","4.1","4.1","4.1","",
"Malta","MLT","Suicide mortality rate (per 100,000 population)","SH.STA.SUIC.P5","","","","","","","","","","","","","","","","","","","","","","","","","","","","","","","","","","","","","","","","","6.8","7.2","5.7","5.4","5.9","5.6","6.8","5.5","6.4","6.9","7.5","6.8","6","6.8","7.1","7.2","5.8","5.5","6","6.1","",
"Myanmar","MMR","Suicide mortality rate (per 100,000 population)","SH.STA.SUIC.P5","","","","","","","","","","","","","","","","","","","","","","","","","","","","","","","","","","","","","","","","","4.7","4.4","4.4","4.3","4.2","4.1","4.1","3.9","3.6","3.6","3.5","3.4","3.3","3.3","3.2","3.2","3.2","3","2.9","2.9","",
"Middle East & North Africa (excluding high income)","MNA","Suicide mortality rate (per 100,000 population)","SH.STA.SUIC.P5","","","","","","","","","","","","","","","","","","","","","","","","","","","","","","","","","","","","","","","","","5.33411349736539","5.29728105477397","5.16805844261961","5.00084521011514","4.87254555927193","4.7384521773703","4.61448984545242","4.67796190937655","4.62314343249077","4.59120762096976","4.61903170111639","4.75232401104104","4.73921660665706","4.63246192884081","4.55727708259418","4.43845265839697","4.34995457304123","4.24202858782621","4.19498702563694","4.05730515865794","",
"Montenegro","MNE","Suicide mortality rate (per 100,000 population)","SH.STA.SUIC.P5","","","","","","","","","","","","","","","","","","","","","","","","","","","","","","","","","","","","","","","","","20.8","19.9","20.2","20.9","21.2","21.7","22.3","21","20.9","20.9","20.3","20.9","21","20.4","20.6","20.7","20.8","21.1","21.2","21","",
"Mongolia","MNG","Suicide mortality rate (per 100,000 population)","SH.STA.SUIC.P5","","","","","","","","","","","","","","","","","","","","","","","","","","","","","","","","","","","","","","","","","22","22.3","21.7","23.1","23.7","24","23.7","23.6","23.8","23.6","23.4","22.7","21.7","21","20","20","20.1","19.2","18.6","17.9","",
"Northern Mariana Islands","MNP","Suicide mortality rate (per 100,000 population)","SH.STA.SUIC.P5","","","","","","","","","","","","","","","","","","","","","","","","","","","","","","","","","","","","","","","","","","","","","","","","","","","","","","","","","","","","","",
"Mozambique","MOZ","Suicide mortality rate (per 100,000 population)","SH.STA.SUIC.P5","","","","","","","","","","","","","","","","","","","","","","","","","","","","","","","","","","","","","","","","","12.5","12.4","12.3","12.3","12.4","12.6","12.6","12.6","13.5","14.5","14.9","15.3","15.7","15.3","14.4","13.9","13.6","13.4","13.5","13.6","",
"Mauritania","MRT","Suicide mortality rate (per 100,000 population)","SH.STA.SUIC.P5","","","","","","","","","","","","","","","","","","","","","","","","","","","","","","","","","","","","","","","","","3.5","3.4","3.4","3.3","3.3","3.2","3.2","3.2","3.1","3.1","3.1","3","3.1","3.1","3.1","3","3","3.1","3.1","3.1","",
"Mauritius","MUS","Suicide mortality rate (per 100,000 population)","SH.STA.SUIC.P5","","","","","","","","","","","","","","","","","","","","","","","","","","","","","","","","","","","","","","","","","11.8","10.1","11.3","7.7","8.2","9","9.2","10.3","6.7","9.1","7.8","9","9.6","8.2","10.2","7.9","8.1","9.6","8.7","9.5","",
"Malawi","MWI","Suicide mortality rate (per 100,000 population)","SH.STA.SUIC.P5","","","","","","","","","","","","","","","","","","","","","","","","","","","","","","","","","","","","","","","","","10.8","9.8","8.8","8.2","7.8","7.2","7.5","7.8","7.6","8","8.2","7.3","6.8","6.4","6.3","6.2","6.1","5.9","5.6","5.4","",
"Malaysia","MYS","Suicide mortality rate (per 100,000 population)","SH.STA.SUIC.P5","","","","","","","","","","","","","","","","","","","","","","","","","","","","","","","","","","","","","","","","","4.7","4.5","4.5","4.7","4.7","4.6","4.5","4.4","4.5","4.6","4.5","4.6","4.6","4.4","4.6","4.8","5.1","5.4","5.4","5.7","",
"North America","NAC","Suicide mortality rate (per 100,000 population)","SH.STA.SUIC.P5","","","","","","","","","","","","","","","","","","","","","","","","","","","","","","","","","","","","","","","","","11.0882765577949","11.4785364499848","11.8098311996674","11.7688443965692","11.8803288356915","11.9295128005598","12.0114248061419","12.3114087694636","12.5817323371143","12.7209662676566","13.0009546785567","13.191519570371","13.3306842975654","13.3600985484456","13.8697663021602","14.2597285127022","14.778178243737","15.6068538958976","15.3229824094299","15.6581273633211","",
"Namibia","NAM","Suicide mortality rate (per 100,000 population)","SH.STA.SUIC.P5","","","","","","","","","","","","","","","","","","","","","","","","","","","","","","","","","","","","","","","","","19.3","18.8","18.7","18.2","16.7","17.8","17.7","17.3","14.1","13.1","12.9","11.4","10.2","10.2","10.9","11.6","10.7","10.9","9.9","9.7","",
"New Caledonia","NCL","Suicide mortality rate (per 100,000 population)","SH.STA.SUIC.P5","","","","","","","","","","","","","","","","","","","","","","","","","","","","","","","","","","","","","","","","","","","","","","","","","","","","","","","","","","","","","",
"Niger","NER","Suicide mortality rate (per 100,000 population)","SH.STA.SUIC.P5","","","","","","","","","","","","","","","","","","","","","","","","","","","","","","","","","","","","","","","","","5","5.1","5.1","5.2","5.1","5.3","5.2","5.3","5.2","5.3","5.3","5.4","5.5","5.5","5.5","5.4","5.3","5.3","5.3","5.3","",
"Nigeria","NGA","Suicide mortality rate (per 100,000 population)","SH.STA.SUIC.P5","","","","","","","","","","","","","","","","","","","","","","","","","","","","","","","","","","","","","","","","","4.9","4.9","4.8","4.8","4.8","4.8","4.7","4.7","4.6","4.5","4.4","4.4","4.2","4.1","3.9","3.7","3.7","3.6","3.5","3.5","",
"Nicaragua","NIC","Suicide mortality rate (per 100,000 population)","SH.STA.SUIC.P5","","","","","","","","","","","","","","","","","","","","","","","","","","","","","","","","","","","","","","","","","5.5","5.2","5","5.6","5.4","5.2","4.6","4.9","5.1","5","4.8","5.5","4.4","5.3","4.5","4.2","4.4","4.4","4.5","4.4","",
"Netherlands","NLD","Suicide mortality rate (per 100,000 population)","SH.STA.SUIC.P5","","","","","","","","","","","","","","","","","","","","","","","","","","","","","","","","","","","","","","","","","9.6","9.6","10","9.6","9.7","9.8","9.6","8.4","9","9.5","9.8","10.1","10.7","11.8","11.6","11.8","11.9","12.1","11.4","11.8","",
"Norway","NOR","Suicide mortality rate (per 100,000 population)","SH.STA.SUIC.P5","","","","","","","","","","","","","","","","","","","","","","","","","","","","","","","","","","","","","","","","","13.9","14.2","12.1","11.8","12.8","12.4","12.8","11.8","11.8","13","12.4","13.3","11.4","11.8","11.6","12.5","12.6","12.1","12","11.8","",
"Nepal","NPL","Suicide mortality rate (per 100,000 population)","SH.STA.SUIC.P5","","","","","","","","","","","","","","","","","","","","","","","","","","","","","","","","","","","","","","","","","8.5","8.1","8","7.8","7.7","7.9","7.7","8","8.3","8.5","8.7","8.9","8.9","8.7","8.5","8.5","8.5","8.7","8.8","9","",
"Nauru","NRU","Suicide mortality rate (per 100,000 population)","SH.STA.SUIC.P5","","","","","","","","","","","","","","","","","","","","","","","","","","","","","","","","","","","","","","","","","","","","","","","","","","","","","","","","","","","","","",
"New Zealand","NZL","Suicide mortality rate (per 100,000 population)","SH.STA.SUIC.P5","","","","","","","","","","","","","","","","","","","","","","","","","","","","","","","","","","","","","","","","","12.5","13.9","12.5","13.7","12.6","12.9","13.1","12.3","12.4","11.5","12.6","11.4","12.7","12.2","11.3","11.7","12.2","12.7","11.4","11","",
"OECD members","OED","Suicide mortality rate (per 100,000 population)","SH.STA.SUIC.P5","","","","","","","","","","","","","","","","","","","","","","","","","","","","","","","","","","","","","","","","","12.563516182501","12.4926174789702","12.7309168391343","13.017345217464","12.8183140917558","12.7497978422425","12.3994723903159","12.5207446948102","12.7890594654967","13.1976988805706","13.0531594383784","13.1060495560641","12.7779900859345","12.7803421442184","12.626370163024","12.4904623868362","12.2152950066386","12.3544395028593","12.1614325260393","11.9595199044876","",
"Oman","OMN","Suicide mortality rate (per 100,000 population)","SH.STA.SUIC.P5","","","","","","","","","","","","","","","","","","","","","","","","","","","","","","","","","","","","","","","","","6.2","6.2","5.9","6.1","5.9","6","6.5","6.8","6.8","6.5","6.7","6.1","5.4","5.3","5.1","5","4.7","4.7","4.7","4.9","",
"Other small states","OSS","Suicide mortality rate (per 100,000 population)","SH.STA.SUIC.P5","","","","","","","","","","","","","","","","","","","","","","","","","","","","","","","","","","","","","","","","","15.7297715182126","15.543738369709","15.5957939854306","15.3431928575313","15.2920374551363","15.3496186885597","15.7019348438673","16.1279136768463","16.5838756812437","16.6743849867495","16.165846529514","15.9412010331563","16.486075546234","16.4880032563887","16.6335847758227","16.0194782213903","15.2306264195701","14.5040945134255","13.9838898542902","13.50910961824","",
"Pakistan","PAK","Suicide mortality rate (per 100,000 population)","SH.STA.SUIC.P5","","","","","","","","","","","","","","","","","","","","","","","","","","","","","","","","","","","","","","","","","8.8","8.9","9.1","9.1","9.2","9","9.2","9.1","9","8.8","8.8","8.7","8.8","8.9","8.9","9","9.1","9.1","8.9","8.9","",
"Panama","PAN","Suicide mortality rate (per 100,000 population)","SH.STA.SUIC.P5","","","","","","","","","","","","","","","","","","","","","","","","","","","","","","","","","","","","","","","","","5.4","5.7","5.3","5.9","5.8","5","5.7","4.9","5.4","4.8","4.2","3.8","3.6","3.4","4.1","2.9","3.3","3.2","2.9","2.9","",
"Peru","PER","Suicide mortality rate (per 100,000 population)","SH.STA.SUIC.P5","","","","","","","","","","","","","","","","","","","","","","","","","","","","","","","","","","","","","","","","","3.1","2.9","2.9","3","2.8","2.7","2.7","2.6","2.7","3.3","3.5","3.3","3.2","3.1","2.9","2.7","2.6","2.7","2.8","2.8","",
"Philippines","PHL","Suicide mortality rate (per 100,000 population)","SH.STA.SUIC.P5","","","","","","","","","","","","","","","","","","","","","","","","","","","","","","","","","","","","","","","","","1.8","1.5","1.7","1.8","1.8","1.9","2","1.9","2","2.3","2.4","2.7","2.4","2.4","2.3","2.3","2.2","2.2","2.2","2.2","",
"Palau","PLW","Suicide mortality rate (per 100,000 population)","SH.STA.SUIC.P5","","","","","","","","","","","","","","","","","","","","","","","","","","","","","","","","","","","","","","","","","","","","","","","","","","","","","","","","","","","","","",
"Papua New Guinea","PNG","Suicide mortality rate (per 100,000 population)","SH.STA.SUIC.P5","","","","","","","","","","","","","","","","","","","","","","","","","","","","","","","","","","","","","","","","","2.1","2.3","2.3","2.4","2.4","2.4","2.4","2.5","2.5","2.4","2.6","2.6","2.7","2.7","2.9","3","3","2.8","2.9","3","",
"Poland","POL","Suicide mortality rate (per 100,000 population)","SH.STA.SUIC.P5","","","","","","","","","","","","","","","","","","","","","","","","","","","","","","","","","","","","","","","","","17","17.2","17.3","17","17.6","17.7","17.1","15.7","17","19.2","18.6","18","18.5","18.2","17.4","15.9","13.8","13.3","12.7","11.3","",
"Pre-demographic dividend","PRE","Suicide mortality rate (per 100,000 population)","SH.STA.SUIC.P5","","","","","","","","","","","","","","","","","","","","","","","","","","","","","","","","","","","","","","","","","7.4309573051775","7.17475076712836","6.97692620064072","6.88038401391168","6.79290441681236","6.74879804081649","6.72692061941386","6.58122608087047","6.48542184519229","6.46934912232816","6.41433841584923","6.35899659738376","6.22427741963132","6.12860002284546","5.91778841719169","5.76793883485608","5.68286297442849","5.61409364198816","5.59543230275111","5.58518599483935","",
"Puerto Rico","PRI","Suicide mortality rate (per 100,000 population)","SH.STA.SUIC.P5","","","","","","","","","","","","","","","","","","","","","","","","","","","","","","","","","","","","","","","","","","","","","","","","","","","","","","","","","","","","","",
"Korea, Dem. People's Rep.","PRK","Suicide mortality rate (per 100,000 population)","SH.STA.SUIC.P5","","","","","","","","","","","","","","","","","","","","","","","","","","","","","","","","","","","","","","","","","9.8","9.5","9.5","9.2","9","8.9","8.9","9","9.4","9.4","9.5","9.7","9.7","9.9","10","10.5","10.4","9.8","9.3","9.4","",
"Portugal","PRT","Suicide mortality rate (per 100,000 population)","SH.STA.SUIC.P5","","","","","","","","","","","","","","","","","","","","","","","","","","","","","","","","","","","","","","","","","7.6","8.8","12.5","11.9","10.6","11.4","11.5","12.6","13.1","13.1","13.6","12.3","13.5","12.5","14.2","13.2","11.4","12","11.7","11.5","",
"Paraguay","PRY","Suicide mortality rate (per 100,000 population)","SH.STA.SUIC.P5","","","","","","","","","","","","","","","","","","","","","","","","","","","","","","","","","","","","","","","","","3.1","3.1","3.6","3.4","4.2","4.4","4.2","3.8","3.6","4.4","3.5","4.6","4.6","4.9","5.9","5.7","5.3","6.1","6","6","",
"West Bank and Gaza","PSE","Suicide mortality rate (per 100,000 population)","SH.STA.SUIC.P5","","","","","","","","","","","","","","","","","","","","","","","","","","","","","","","","","","","","","","","","","","","","","","","","","","","","","","","","","","","","","",
"Pacific island small states","PSS","Suicide mortality rate (per 100,000 population)","SH.STA.SUIC.P5","","","","","","","","","","","","","","","","","","","","","","","","","","","","","","","","","","","","","","","","","13.9274695479595","13.73447121393","13.6077404978027","13.4545896578617","13.1404035762587","13.2860293248615","13.282481374781","13.6827246787634","13.9219270926521","13.9128211699633","14.0057387424322","14.1009084548768","14.1765925424222","14.1295042136408","13.9828043560825","13.9225213270394","13.8793674486241","13.9056644906446","13.7667032269972","13.6551147044933","",
"Post-demographic dividend","PST","Suicide mortality rate (per 100,000 population)","SH.STA.SUIC.P5","","","","","","","","","","","","","","","","","","","","","","","","","","","","","","","","","","","","","","","","","15.7856147121358","15.5608775451651","15.8525300508904","16.0974145255523","15.814101267144","15.7569348122739","15.2256998169261","15.3981058836444","15.6061751656723","15.7847974977417","15.6246439865601","15.5959944965437","15.2102786625211","15.1746054358319","15.0265276165993","14.8078096145672","14.5289048455376","14.658234950226","14.6135077232721","14.4182379408625","",
"French Polynesia","PYF","Suicide mortality rate (per 100,000 population)","SH.STA.SUIC.P5","","","","","","","","","","","","","","","","","","","","","","","","","","","","","","","","","","","","","","","","","","","","","","","","","","","","","","","","","","","","","",
"Qatar","QAT","Suicide mortality rate (per 100,000 population)","SH.STA.SUIC.P5","","","","","","","","","","","","","","","","","","","","","","","","","","","","","","","","","","","","","","","","","7.8","8","7.8","7.4","7.2","6.8","6.8","8.4","8.3","8.4","8.2","8","7.4","6.7","6.3","6.1","6.1","5.8","5.8","5.8","",
"Romania","ROU","Suicide mortality rate (per 100,000 population)","SH.STA.SUIC.P5","","","","","","","","","","","","","","","","","","","","","","","","","","","","","","","","","","","","","","","","","12.9","12.3","14.2","13.5","12.7","12.3","12.9","11.6","11.7","12.2","13.2","12.1","12.6","12.2","11.3","11.5","10.2","10.1","10.2","9.7","",
"Russian Federation","RUS","Suicide mortality rate (per 100,000 population)","SH.STA.SUIC.P5","","","","","","","","","","","","","","","","","","","","","","","","","","","","","","","","","","","","","","","","","53.8","52.4","52","51.6","50.1","49.8","44.8","41.7","40.7","38.4","38.1","35.9","34.4","33.5","33.8","32","31","28.2","27.1","25.1","",
"Rwanda","RWA","Suicide mortality rate (per 100,000 population)","SH.STA.SUIC.P5","","","","","","","","","","","","","","","","","","","","","","","","","","","","","","","","","","","","","","","","","15.8","14","12.5","11","9.6","8.8","8.4","8","7.5","7","6.6","6.2","6","5.8","5.8","5.7","5.7","5.6","5.6","5.6","",
"South Asia","SAS","Suicide mortality rate (per 100,000 population)","SH.STA.SUIC.P5","","","","","","","","","","","","","","","","","","","","","","","","","","","","","","","","","","","","","","","","","14.9473349442542","14.5446924332343","14.1271775801401","13.489291369016","13.4082006358881","13.6987348378807","13.6626712396789","13.438180567913","13.2258594392756","12.8045131603583","12.8490211527846","12.8222799773707","12.4813633159986","11.9974237118025","11.2860081516578","10.9347663863081","10.7886601774987","10.7190788325195","11.146913077631","11.2256803934386","",
"Saudi Arabia","SAU","Suicide mortality rate (per 100,000 population)","SH.STA.SUIC.P5","","","","","","","","","","","","","","","","","","","","","","","","","","","","","","","","","","","","","","","","","3.2","3.3","3.4","3.5","3.4","3.7","4","4.3","4.6","5","5.5","6.1","6.4","6.5","6.6","6.3","6.3","6.2","6.1","6","",
"Sudan","SDN","Suicide mortality rate (per 100,000 population)","SH.STA.SUIC.P5","","","","","","","","","","","","","","","","","","","","","","","","","","","","","","","","","","","","","","","","","4.3","4.2","4.2","4.1","4.1","4.2","4.1","4.1","4.1","4.1","4","4.1","4","4","3.9","3.9","3.9","3.8","3.9","3.8","",
"Senegal","SEN","Suicide mortality rate (per 100,000 population)","SH.STA.SUIC.P5","","","","","","","","","","","","","","","","","","","","","","","","","","","","","","","","","","","","","","","","","7.8","7.6","7.5","7.4","7.3","7.2","7","6.7","6.8","6.7","6.6","6.5","6.5","6.5","6.5","6.4","6.3","6.2","6.1","6","",
"Singapore","SGP","Suicide mortality rate (per 100,000 population)","SH.STA.SUIC.P5","","","","","","","","","","","","","","","","","","","","","","","","","","","","","","","","","","","","","","","","","12.4","11.3","12.4","12.1","11.7","11.2","11.7","10.7","10.4","10.5","9.9","9.6","11.3","10.3","10.2","9","9.1","9","9.4","11.2","",
"Solomon Islands","SLB","Suicide mortality rate (per 100,000 population)","SH.STA.SUIC.P5","","","","","","","","","","","","","","","","","","","","","","","","","","","","","","","","","","","","","","","","","14.4","14.1","14.3","14.6","13.8","14","14.1","15.2","15.8","15.8","15.7","15.7","15.6","15.4","15.3","15.2","15.1","15.1","15","14.7","",
"Sierra Leone","SLE","Suicide mortality rate (per 100,000 population)","SH.STA.SUIC.P5","","","","","","","","","","","","","","","","","","","","","","","","","","","","","","","","","","","","","","","","","5.7","5.9","6","6.1","6.1","6","6.5","6.4","6.5","6.6","6.8","6.5","6.6","6.3","6.2","5.9","6.2","6.3","6.6","6.7","",
"El Salvador","SLV","Suicide mortality rate (per 100,000 population)","SH.STA.SUIC.P5","","","","","","","","","","","","","","","","","","","","","","","","","","","","","","","","","","","","","","","","","6.2","6.8","5.3","6.5","6.8","7.8","6.6","7.9","6.8","8.6","6.1","8","6.8","6.4","5.8","6.9","5.7","6.1","6","6.1","",
"San Marino","SMR","Suicide mortality rate (per 100,000 population)","SH.STA.SUIC.P5","","","","","","","","","","","","","","","","","","","","","","","","","","","","","","","","","","","","","","","","","","","","","","","","","","","","","","","","","","","","","",
"Somalia","SOM","Suicide mortality rate (per 100,000 population)","SH.STA.SUIC.P5","","","","","","","","","","","","","","","","","","","","","","","","","","","","","","","","","","","","","","","","","9.1","8.9","8.9","8.9","9.1","8.9","8.7","8.4","8.5","8.5","8.2","8.1","8.1","8.1","8.1","8","7.9","8","8","7.9","",
"Serbia","SRB","Suicide mortality rate (per 100,000 population)","SH.STA.SUIC.P5","","","","","","","","","","","","","","","","","","","","","","","","","","","","","","","","","","","","","","","","","23.1","21.8","22.4","21.2","21.3","20.1","19.5","18.7","18","19.5","17.2","18","18.2","17.9","17","16.4","15.2","0.6","11.3","11.4","",
"Sub-Saharan Africa (excluding high income)","SSA","Suicide mortality rate (per 100,000 population)","SH.STA.SUIC.P5","","","","","","","","","","","","","","","","","","","","","","","","","","","","","","","","","","","","","","","","","9.23925709545744","8.98642257365109","8.85693920040104","8.77141717763687","8.62236771633771","8.53672240659187","8.44126599085393","8.41159121182281","8.50561582015444","8.47724179674621","8.2384374873885","7.98406127011511","7.82513904040846","7.72057652131188","7.52646362722339","7.38518738434743","7.25357831738313","7.15716545306228","7.03742583416857","6.97278958985904","",
"South Sudan","SSD","Suicide mortality rate (per 100,000 population)","SH.STA.SUIC.P5","","","","","","","","","","","","","","","","","","","","","","","","","","","","","","","","","","","","","","","","","4.3","4","3.9","3.9","3.9","3.9","3.9","3.9","3.8","3.7","3.7","3.6","3.7","3.6","3.5","3.6","3.7","3.7","3.8","3.9","",
"Sub-Saharan Africa","SSF","Suicide mortality rate (per 100,000 population)","SH.STA.SUIC.P5","","","","","","","","","","","","","","","","","","","","","","","","","","","","","","","","","","","","","","","","","9.2438203988734","8.98839854425307","8.86110635431648","8.76963716612993","8.62174547689853","8.53745725423936","8.44242997526223","8.41442788546814","8.50281154914643","8.47805954773417","8.23776134954002","7.98547778804244","7.82755584747335","7.72121443447174","7.52997799925235","7.38589805202121","7.25469329622054","7.16021143078353","7.03948102583459","6.97577864838301","",
"Small states","SST","Suicide mortality rate (per 100,000 population)","SH.STA.SUIC.P5","","","","","","","","","","","","","","","","","","","","","","","","","","","","","","","","","","","","","","","","","14.3764028693397","14.3346051276422","14.3114164296152","14.0100459114888","13.9321996440243","13.950228184828","14.1567196576518","14.5240837053027","14.9883672045926","15.0540872951264","14.7140033360689","14.5089269933076","14.9729856326872","15.0776363701784","15.1672854895046","14.7141098613858","14.1061897068274","13.5853258663346","13.2071263006175","12.8639390873672","",
"Sao Tome and Principe","STP","Suicide mortality rate (per 100,000 population)","SH.STA.SUIC.P5","","","","","","","","","","","","","","","","","","","","","","","","","","","","","","","","","","","","","","","","","1.4","1.5","1.6","1.3","1.5","1.3","1.5","1.6","1.6","1.5","1.5","1.4","1.5","1.5","1.5","1.5","1.5","1.5","1.5","1.5","",
"Suriname","SUR","Suicide mortality rate (per 100,000 population)","SH.STA.SUIC.P5","","","","","","","","","","","","","","","","","","","","","","","","","","","","","","","","","","","","","","","","","21.5","24.2","24.4","24.3","23.6","24.2","24.6","24.5","24.5","24.4","25.5","24.3","25.2","25.1","24.7","24.8","24.4","24.5","25.5","25.4","",
"Slovak Republic","SVK","Suicide mortality rate (per 100,000 population)","SH.STA.SUIC.P5","","","","","","","","","","","","","","","","","","","","","","","","","","","","","","","","","","","","","","","","","14.2","13.9","14.6","15","13.9","13.7","14.5","14","12.7","13.1","13.6","12.9","12.6","12.3","12.9","12.4","12.3","12.3","12.2","12.1","",
"Slovenia","SVN","Suicide mortality rate (per 100,000 population)","SH.STA.SUIC.P5","","","","","","","","","","","","","","","","","","","","","","","","","","","","","","","","","","","","","","","","","32","30.9","29.1","29.7","28.7","26.8","27.9","22.9","20.6","22.5","20.7","21.6","22","22.2","19.6","21","19","20.9","17.8","19.8","",
"Sweden","SWE","Suicide mortality rate (per 100,000 population)","SH.STA.SUIC.P5","","","","","","","","","","","","","","","","","","","","","","","","","","","","","","","","","","","","","","","","","15.1","16","15.5","14.4","14.8","15.7","15","14.5","15","15.7","14.7","14.2","15","15.9","14.8","15.7","14.6","15","14.9","14.7","",
"Eswatini","SWZ","Suicide mortality rate (per 100,000 population)","SH.STA.SUIC.P5","","","","","","","","","","","","","","","","","","","","","","","","","","","","","","","","","","","","","","","","","28.4","32.2","37.2","40.5","42.4","43.9","47.3","53.9","55","54.2","50.4","47","47.6","44.6","39.2","35.1","32.8","30.4","28.5","29.4","",
"Sint Maarten (Dutch part)","SXM","Suicide mortality rate (per 100,000 population)","SH.STA.SUIC.P5","","","","","","","","","","","","","","","","","","","","","","","","","","","","","","","","","","","","","","","","","","","","","","","","","","","","","","","","","","","","","",
"Seychelles","SYC","Suicide mortality rate (per 100,000 population)","SH.STA.SUIC.P5","","","","","","","","","","","","","","","","","","","","","","","","","","","","","","","","","","","","","","","","","9.2","9.2","8.6","9","9.3","8.4","8.1","7.6","7.8","7.5","7.8","7.9","7.7","7.7","7.9","8","8","8.3","8.2","8.1","",
"Syrian Arab Republic","SYR","Suicide mortality rate (per 100,000 population)","SH.STA.SUIC.P5","","","","","","","","","","","","","","","","","","","","","","","","","","","","","","","","","","","","","","","","","1.5","1.4","1.4","1.3","1.4","1.4","1.4","1.4","1.4","1.4","1.5","1.5","1.6","1.8","1.8","1.7","1.6","1.8","1.9","2","",
"Turks and Caicos Islands","TCA","Suicide mortality rate (per 100,000 population)","SH.STA.SUIC.P5","","","","","","","","","","","","","","","","","","","","","","","","","","","","","","","","","","","","","","","","","","","","","","","","","","","","","","","","","","","","","",
"Chad","TCD","Suicide mortality rate (per 100,000 population)","SH.STA.SUIC.P5","","","","","","","","","","","","","","","","","","","","","","","","","","","","","","","","","","","","","","","","","7.8","7.8","7.7","7.8","7.5","7.5","7.5","7.7","7.5","7.6","7.7","7.7","7.6","7.4","7.1","6.8","6.7","6.7","6.6","6.4","",
"East Asia & Pacific (IDA & IBRD countries)","TEA","Suicide mortality rate (per 100,000 population)","SH.STA.SUIC.P5","","","","","","","","","","","","","","","","","","","","","","","","","","","","","","","","","","","","","","","","","11.5421476182684","10.4700433642103","9.9635565121654","10.3530924642489","10.6885266049322","10.3241783315102","9.74257589221474","9.29773106107811","8.99249535789081","8.70155697669892","8.34158574462558","7.93501006401876","7.48657176260779","7.19031844812076","7.04072777612311","6.84386058057427","6.92198060373351","6.84100944018635","6.83928809577557","6.83059899637558","",
"Europe & Central Asia (IDA & IBRD countries)","TEC","Suicide mortality rate (per 100,000 population)","SH.STA.SUIC.P5","","","","","","","","","","","","","","","","","","","","","","","","","","","","","","","","","","","","","","","","","30.0702165759618","29.1652642010419","28.8834912588699","28.2705909283175","27.5777295343954","27.3773789625299","25.1480613291436","23.7487419748882","23.2588536727988","21.9733593672944","21.5352222681776","20.3748069129875","19.8042936940837","19.2178774873963","19.2082126764399","18.0662946127501","17.3163087716568","15.9046073536655","15.634076844523","14.6731743432647","",
"Togo","TGO","Suicide mortality rate (per 100,000 population)","SH.STA.SUIC.P5","","","","","","","","","","","","","","","","","","","","","","","","","","","","","","","","","","","","","","","","","10","10.3","10.4","10.7","10.8","10.7","11","10.9","10.8","10.5","10.4","10.4","10.4","10.3","10.1","9.7","9.3","9","8.7","8.8","",
"Thailand","THA","Suicide mortality rate (per 100,000 population)","SH.STA.SUIC.P5","","","","","","","","","","","","","","","","","","","","","","","","","","","","","","","","","","","","","","","","","12","10.9","11","10.7","10.5","9.1","8.9","8.4","8.1","8","8.1","8","7.9","7.5","7.8","8","8.5","8.4","8.8","8.8","",
"Tajikistan","TJK","Suicide mortality rate (per 100,000 population)","SH.STA.SUIC.P5","","","","","","","","","","","","","","","","","","","","","","","","","","","","","","","","","","","","","","","","","3.8","3.6","3.5","3.4","3.5","3.6","3.6","3.7","3.8","3.9","4","4","4.1","4","4.1","4.1","4.3","4.2","4.2","4.3","",
"Turkmenistan","TKM","Suicide mortality rate (per 100,000 population)","SH.STA.SUIC.P5","","","","","","","","","","","","","","","","","","","","","","","","","","","","","","","","","","","","","","","","","12.5","13.5","14.1","14.3","14.3","15.1","15.1","13.2","11.4","9.4","8.5","7.6","7.1","7.1","6.8","6.3","6.2","5.8","5.7","5.7","",
"Latin America & the Caribbean (IDA & IBRD countries)","TLA","Suicide mortality rate (per 100,000 population)","SH.STA.SUIC.P5","","","","","","","","","","","","","","","","","","","","","","","","","","","","","","","","","","","","","","","","","5.10093587510657","5.38844635163748","5.39773746206407","5.34092520041728","5.29431505918291","5.38989147021758","5.33261638072665","5.37020862642353","5.54635437504436","5.6098266564102","5.4829980747079","5.68582398581842","5.68144221007331","5.69039636053512","5.81548537193651","5.88450815082803","5.8990951910347","6.21661288499336","6.18576735195431","6.05416193436996","",
"Timor-Leste","TLS","Suicide mortality rate (per 100,000 population)","SH.STA.SUIC.P5","","","","","","","","","","","","","","","","","","","","","","","","","","","","","","","","","","","","","","","","","3.6","3.6","3.4","3.4","3.1","3","2.7","2.6","2.4","3.1","3","3.2","3.3","3.3","3.4","3.5","3.6","3.6","3.6","3.7","",
"Middle East & North Africa (IDA & IBRD countries)","TMN","Suicide mortality rate (per 100,000 population)","SH.STA.SUIC.P5","","","","","","","","","","","","","","","","","","","","","","","","","","","","","","","","","","","","","","","","","5.33411349736539","5.29728105477397","5.16805844261961","5.00084521011514","4.87254555927193","4.7384521773703","4.61448984545242","4.67796190937655","4.62314343249077","4.59120762096976","4.61903170111639","4.75232401104104","4.73921660665706","4.63246192884081","4.55727708259418","4.43845265839697","4.34995457304123","4.24202858782621","4.19498702563694","4.05730515865794","",
"Tonga","TON","Suicide mortality rate (per 100,000 population)","SH.STA.SUIC.P5","","","","","","","","","","","","","","","","","","","","","","","","","","","","","","","","","","","","","","","","","4.2","4.2","4.2","4.2","4.2","4","4","4","3.9","4.3","4.6","4.5","4.5","4.6","4.6","4.6","4.1","4.2","4","3.8","",
"South Asia (IDA & IBRD)","TSA","Suicide mortality rate (per 100,000 population)","SH.STA.SUIC.P5","","","","","","","","","","","","","","","","","","","","","","","","","","","","","","","","","","","","","","","","","14.9473349442542","14.5446924332343","14.1271775801401","13.489291369016","13.4082006358881","13.6987348378807","13.6626712396789","13.438180567913","13.2258594392756","12.8045131603583","12.8490211527846","12.8222799773707","12.4813633159986","11.9974237118025","11.2860081516578","10.9347663863081","10.7886601774987","10.7190788325195","11.146913077631","11.2256803934386","",
"Sub-Saharan Africa (IDA & IBRD countries)","TSS","Suicide mortality rate (per 100,000 population)","SH.STA.SUIC.P5","","","","","","","","","","","","","","","","","","","","","","","","","","","","","","","","","","","","","","","","","9.2438203988734","8.98839854425307","8.86110635431648","8.76963716612993","8.62174547689853","8.53745725423936","8.44242997526222","8.41442788546814","8.50281154914643","8.47805954773417","8.23776134954002","7.98547778804244","7.82755584747335","7.72121443447174","7.52997799925235","7.38589805202122","7.25469329622054","7.16021143078353","7.03948102583459","6.97577864838301","",
"Trinidad and Tobago","TTO","Suicide mortality rate (per 100,000 population)","SH.STA.SUIC.P5","","","","","","","","","","","","","","","","","","","","","","","","","","","","","","","","","","","","","","","","","16.3","16.3","15.3","13.4","13.1","12.7","11.3","11.2","13.7","11.2","11.3","9.9","9.5","10.9","10.5","10.2","9.8","9.5","9","8.7","",
"Tunisia","TUN","Suicide mortality rate (per 100,000 population)","SH.STA.SUIC.P5","","","","","","","","","","","","","","","","","","","","","","","","","","","","","","","","","","","","","","","","","3.7","3.7","3.8","3.8","3.7","3.7","3.7","3.6","3.5","3.5","3.5","3.4","3.4","3.3","3.2","3.1","3.1","3.1","3.2","3.3","",
"Turkey","TUR","Suicide mortality rate (per 100,000 population)","SH.STA.SUIC.P5","","","","","","","","","","","","","","","","","","","","","","","","","","","","","","","","","","","","","","","","","4","3.6","3.2","3.1","3","2.8","2.7","2.5","2.4","2.4","2.4","2.2","2.2","2.3","2.3","2.3","2.3","2.3","2.3","2.4","",
"Tuvalu","TUV","Suicide mortality rate (per 100,000 population)","SH.STA.SUIC.P5","","","","","","","","","","","","","","","","","","","","","","","","","","","","","","","","","","","","","","","","","","","","","","","","","","","","","","","","","","","","","",
"Tanzania","TZA","Suicide mortality rate (per 100,000 population)","SH.STA.SUIC.P5","","","","","","","","","","","","","","","","","","","","","","","","","","","","","","","","","","","","","","","","","8.9","7.9","7","6.4","5.8","5.4","5.3","5.4","5.8","5.5","5","4.8","4.3","4.4","4.2","4.2","4.2","4.2","4.2","4.3","",
"Uganda","UGA","Suicide mortality rate (per 100,000 population)","SH.STA.SUIC.P5","","","","","","","","","","","","","","","","","","","","","","","","","","","","","","","","","","","","","","","","","10.2","9.8","9.4","9.4","9.5","9.7","9.4","8","7.1","6.8","6.3","6.3","5.7","5.2","4.8","4.7","4.7","4.4","4.4","4.6","",
"Ukraine","UKR","Suicide mortality rate (per 100,000 population)","SH.STA.SUIC.P5","","","","","","","","","","","","","","","","","","","","","","","","","","","","","","","","","","","","","","","","","39.1","36.7","36","34.5","33.8","33.8","30.8","31.5","30.9","26.3","24.5","23","23.1","22.6","24.4","21.6","21.4","20.6","21.9","21.6","",
"Upper middle income","UMC","Suicide mortality rate (per 100,000 population)","SH.STA.SUIC.P5","","","","","","","","","","","","","","","","","","","","","","","","","","","","","","","","","","","","","","","","","13.621046839864","12.780641186752","12.3512317525378","12.5424421382174","12.6331547663783","12.3136982323231","11.5225828055867","10.9969687788457","10.7407778495208","10.3634096029462","10.0032830392344","9.55720839038517","9.1342448330713","8.85871896356232","8.76826029708786","8.51528168918167","8.497953634563","8.33381610871285","8.24853190054024","8.06805832265788","",
"Uruguay","URY","Suicide mortality rate (per 100,000 population)","SH.STA.SUIC.P5","","","","","","","","","","","","","","","","","","","","","","","","","","","","","","","","","","","","","","","","","16","14.5","19.8","15.6","15.3","14.8","15.5","17.4","15.1","15","16","16.8","17.8","15.8","17.4","18.6","21.1","20.8","21.2","21.2","",
"United States","USA","Suicide mortality rate (per 100,000 population)","SH.STA.SUIC.P5","","","","","","","","","","","","","","","","","","","","","","","","","","","","","","","","","","","","","","","","","11","11.4","11.8","11.7","11.9","11.9","12.1","12.4","12.7","12.8","13.1","13.4","13.5","13.5","14","14.4","15.1","15.9","15.7","16.1","",
"Uzbekistan","UZB","Suicide mortality rate (per 100,000 population)","SH.STA.SUIC.P5","","","","","","","","","","","","","","","","","","","","","","","","","","","","","","","","","","","","","","","","","10.1","10","9.7","9","8.6","9.1","8.8","8.6","8.5","8","8.1","8.5","8.9","8.9","9","9.2","9.1","8.8","8.6","8","",
"St. Vincent and the Grenadines","VCT","Suicide mortality rate (per 100,000 population)","SH.STA.SUIC.P5","","","","","","","","","","","","","","","","","","","","","","","","","","","","","","","","","","","","","","","","","5.7","5.2","6.6","5.8","5.1","9.9","6.2","8.4","4.2","2.6","3","5.6","5.4","3.9","1.4","3.3","0.7","0","1","1","",
"Venezuela, RB","VEN","Suicide mortality rate (per 100,000 population)","SH.STA.SUIC.P5","","","","","","","","","","","","","","","","","","","","","","","","","","","","","","","","","","","","","","","","","5.4","5.7","5.4","4.9","4.5","4.4","3.9","3.7","3.5","3.2","3.4","3.6","3.2","2.5","2.1","2.3","2.2","2.2","2.2","2.1","",
"British Virgin Islands","VGB","Suicide mortality rate (per 100,000 population)","SH.STA.SUIC.P5","","","","","","","","","","","","","","","","","","","","","","","","","","","","","","","","","","","","","","","","","","","","","","","","","","","","","","","","","","","","","",
"Virgin Islands (U.S.)","VIR","Suicide mortality rate (per 100,000 population)","SH.STA.SUIC.P5","","","","","","","","","","","","","","","","","","","","","","","","","","","","","","","","","","","","","","","","","","","","","","","","","","","","","","","","","","","","","",
"Vietnam","VNM","Suicide mortality rate (per 100,000 population)","SH.STA.SUIC.P5","","","","","","","","","","","","","","","","","","","","","","","","","","","","","","","","","","","","","","","","","6.1","6.1","6.1","6.1","6.3","6.3","6.4","6.7","6.9","6.9","7","7.2","7.4","7.5","7.6","7.7","7.7","7.7","7.6","7.5","",
"Vanuatu","VUT","Suicide mortality rate (per 100,000 population)","SH.STA.SUIC.P5","","","","","","","","","","","","","","","","","","","","","","","","","","","","","","","","","","","","","","","","","19.1","18.9","19.1","19","18.6","18.2","19.2","19.1","18.9","19.8","19.5","19","19.1","18.9","18.2","18.2","18","18.1","18.1","18","",
"World","WLD","Suicide mortality rate (per 100,000 population)","SH.STA.SUIC.P5","","","","","","","","","","","","","","","","","","","","","","","","","","","","","","","","","","","","","","","","","12.9595785489219","12.441522688059","12.1903425541005","12.1284813971748","12.0732725448669","11.9865702902037","11.56505092654","11.3114668671357","11.1937499998883","10.9817375195775","10.7991139072955","10.5915666049566","10.2631140323662","9.99959879554156","9.72631161223672","9.47181179481888","9.3415781867904","9.23590557975167","9.27335765821519","9.17136963812295","",
"Samoa","WSM","Suicide mortality rate (per 100,000 population)","SH.STA.SUIC.P5","","","","","","","","","","","","","","","","","","","","","","","","","","","","","","","","","","","","","","","","","13.7","13.7","13.4","13.2","12.8","12.9","13","12.9","12.8","11","12.8","12.8","12.7","12.1","12.8","12.7","12.8","12.6","12.6","12.6","",
"Kosovo","XKX","Suicide mortality rate (per 100,000 population)","SH.STA.SUIC.P5","","","","","","","","","","","","","","","","","","","","","","","","","","","","","","","","","","","","","","","","","","","","","","","","","","","","","","","","","","","","","",
"Yemen, Rep.","YEM","Suicide mortality rate (per 100,000 population)","SH.STA.SUIC.P5","","","","","","","","","","","","","","","","","","","","","","","","","","","","","","","","","","","","","","","","","6.1","6.1","5.9","5.9","6","5.9","5.8","5.8","6","5.9","5.7","5.6","5.7","5.7","5.7","5.5","5.7","5.6","5.9","5.8","",
"South Africa","ZAF","Suicide mortality rate (per 100,000 population)","SH.STA.SUIC.P5","","","","","","","","","","","","","","","","","","","","","","","","","","","","","","","","","","","","","","","","","22.4","23","24.3","25.1","24.6","24.4","23.6","24.6","26.7","26.7","24.6","22.4","22.9","23.7","24.1","24.5","24.4","25.2","24.1","23.5","",
"Zambia","ZMB","Suicide mortality rate (per 100,000 population)","SH.STA.SUIC.P5","","","","","","","","","","","","","","","","","","","","","","","","","","","","","","","","","","","","","","","","","13.3","12.4","12.1","11.6","12.2","11.9","11.7","10.3","9.7","9.8","10.1","10.3","9.4","9.1","9","8.7","8.5","8.5","8.1","7.3","",
"Zimbabwe","ZWE","Suicide mortality rate (per 100,000 population)","SH.STA.SUIC.P5","","","","","","","","","","","","","","","","","","","","","","","","","","","","","","","","","","","","","","","","","13.3","12.8","13.4","13.2","14.2","14","14.4","17.2","20.1","22.2","21.5","20.7","19.7","18.6","18.2","18","16.8","15","14","14.1","",
